{
  "DocumentMetadata": {
    "Pages": 1
  },
  "JobStatus": "SUCCEEDED",
  "Blocks": [
    {
      "BlockType": "PAGE",
      "Geometry": {
        "BoundingBox": {
          "Width": 0.9917961359024048,
          "Height": 0.7568084001541138,
          "Left": 0.0018534455448389053,
          "Top": 0.016753358766436577
        },
        "Polygon": [
          {
            "X": 0.0018534455448389053,
            "Y": 0.023878999054431915
          },
          {
            "X": 0.9921515583992004,
            "Y": 0.016753358766436577
          },
          {
            "X": 0.9936496019363403,
            "Y": 0.7690243721008301
          },
          {
            "X": 0.0023957828525453806,
            "Y": 0.7735617160797119
          }
        ]
      },
      "Id": "5c80515d-de8d-40e2-b28f-f9a5d6b19d7f",
      "Relationships": [
        {
          "Type": "CHILD",
          "Ids": [
            "b7e2aeca-6ec6-4a54-9013-84a329143a6b",
            "d6e5df2f-96f6-47f6-a0be-1311abdb7d8b",
            "d197a2a5-fa10-4b6c-b0fd-6c2088311b50",
            "a333a149-3eb5-458f-9a79-74bf0337a173",
            "95497145-e141-4b93-86f7-c95acbf0e0e8",
            "a1d2a9da-d393-40c4-a60e-ce06cb78ec0e",
            "bb37c525-42a7-4921-933c-cd32c467f8b3",
            "53ea3172-c380-413d-8404-8802f33ecb82",
            "caf7a377-b95c-4334-be73-78d51c58c370",
            "b3391738-9bfa-4c57-a912-8c005e1c927e",
            "85ad3239-79d6-4292-b46d-dec3b2a593fc",
            "0f356be3-d555-4481-bf36-939d3fac624c",
            "5eb068ad-0ea8-4e34-bab8-a6223c368915",
            "9e23353d-58f1-4218-8925-08f68bd86c63",
            "6f70d17e-0ad5-40b7-b8b6-cf5cad8028d0",
            "a7dd52c9-eb3d-4d0f-ba9e-370c2da97400",
            "05c0d2fd-4e1d-4f3d-a6a9-c4560b9039ff",
            "0e7a5fde-4e2e-4b44-b537-4c665a2f4fab",
            "0557e4c7-837b-4ffb-99bc-eba55da8a4d1",
            "98e275fc-24d0-4865-9f2c-511a6e1d09ac",
            "0939f3ed-df95-4083-bda4-534bb8408e92",
            "809b80d7-66de-456b-a9cd-360b180ec79e",
            "b09481e1-3706-4b34-b9a6-eab82a233cbc",
            "f54084a7-220d-4f3f-a611-85666f7f4c8f",
            "e43a8fb0-102c-4599-b1a8-d9b8612461f9"
          ]
        }
      ],
      "Page": 1
    },
    {
      "BlockType": "LINE",
      "Confidence": 84.19390106201172,
      "Text": "Shuddha Todi Summer",
      "Geometry": {
        "BoundingBox": {
          "Width": 0.28205999732017517,
          "Height": 0.026869462803006172,
          "Left": 0.613184928894043,
          "Top": 0.03409825637936592
        },
        "Polygon": [
          {
            "X": 0.613184928894043,
            "Y": 0.03611112758517265
          },
          {
            "X": 0.8951985239982605,
            "Y": 0.03409825637936592
          },
          {
            "X": 0.8952449560165405,
            "Y": 0.05897921323776245
          },
          {
            "X": 0.6132223606109619,
            "Y": 0.060967717319726944
          }
        ]
      },
      "Id": "b7e2aeca-6ec6-4a54-9013-84a329143a6b",
      "Relationships": [
        {
          "Type": "CHILD",
          "Ids": [
            "cc69080d-a6d3-4675-9670-722633f97cad",
            "7908864f-20c8-4673-bce2-01bef1b56826",
            "adb7f99a-4425-4e50-b7b9-ed6f62a7538e"
          ]
        }
      ],
      "Page": 1
    },
    {
      "BlockType": "LINE",
      "Confidence": 67.75595092773438,
      "Text": "SAPBSSSIPPPPP DDD Int Inst n-nd-dpp 89",
      "Geometry": {
        "BoundingBox": {
          "Width": 0.8743389248847961,
          "Height": 0.06217951327562332,
          "Left": 0.06063028424978256,
          "Top": 0.054582878947257996
        },
        "Polygon": [
          {
            "X": 0.06063028424978256,
            "Y": 0.06075949966907501
          },
          {
            "X": 0.9348614811897278,
            "Y": 0.054582878947257996
          },
          {
            "X": 0.9349691867828369,
            "Y": 0.1107562780380249
          },
          {
            "X": 0.060675010085105896,
            "Y": 0.11676239222288132
          }
        ]
      },
      "Id": "d6e5df2f-96f6-47f6-a0be-1311abdb7d8b",
      "Relationships": [
        {
          "Type": "CHILD",
          "Ids": [
            "b8e36eb5-9622-4b34-b491-e27a9ecb01e6",
            "82a8243e-450c-4a38-8c1c-035dd47b25d3",
            "ea02daff-af2a-4869-809f-ffd9a20bfb41",
            "bbfc29a0-6f0f-4233-b565-1bb2c31c1883",
            "bffd4974-3ee5-4f42-b4d3-cb9195c7f776"
          ]
        }
      ],
      "Page": 1
    },
    {
      "BlockType": "LINE",
      "Confidence": 19.686304092407227,
      "Text": "m-mp-p'pp",
      "Geometry": {
        "BoundingBox": {
          "Width": 0.1658431589603424,
          "Height": 0.02514716051518917,
          "Left": 0.6186368465423584,
          "Top": 0.11491524428129196
        },
        "Polygon": [
          {
            "X": 0.6186368465423584,
            "Y": 0.11605244874954224
          },
          {
            "X": 0.7844385504722595,
            "Y": 0.11491524428129196
          },
          {
            "X": 0.7844799757003784,
            "Y": 0.1389390528202057
          },
          {
            "X": 0.6186731457710266,
            "Y": 0.14006240665912628
          }
        ]
      },
      "Id": "d197a2a5-fa10-4b6c-b0fd-6c2088311b50",
      "Relationships": [
        {
          "Type": "CHILD",
          "Ids": [
            "e531b0bd-e64b-495b-80f0-da83269bf571"
          ]
        }
      ],
      "Page": 1
    },
    {
      "BlockType": "LINE",
      "Confidence": 64.91455078125,
      "Text": "Shalla out",
      "Geometry": {
        "BoundingBox": {
          "Width": 0.2775866687297821,
          "Height": 0.027477392926812172,
          "Left": 0.017720239236950874,
          "Top": 0.3046136498451233
        },
        "Polygon": [
          {
            "X": 0.017720239236950874,
            "Y": 0.3063369393348694
          },
          {
            "X": 0.2952785789966583,
            "Y": 0.3046136498451233
          },
          {
            "X": 0.295306921005249,
            "Y": 0.3303926885128021
          },
          {
            "X": 0.01773938722908497,
            "Y": 0.3320910632610321
          }
        ]
      },
      "Id": "a333a149-3eb5-458f-9a79-74bf0337a173",
      "Relationships": [
        {
          "Type": "CHILD",
          "Ids": [
            "05774b23-be6c-4bbf-83ad-7da9fd17cdf8",
            "9864c50c-61af-4cfb-a654-a8815f6f22a4"
          ]
        }
      ],
      "Page": 1
    },
    {
      "BlockType": "LINE",
      "Confidence": 35.88704299926758,
      "Text": "INW 203 P/P3/11",
      "Geometry": {
        "BoundingBox": {
          "Width": 0.4262368381023407,
          "Height": 0.04032803699374199,
          "Left": 0.1340995877981186,
          "Top": 0.3536989390850067
        },
        "Polygon": [
          {
            "X": 0.1340995877981186,
            "Y": 0.35626962780952454
          },
          {
            "X": 0.5602820515632629,
            "Y": 0.3536989390850067
          },
          {
            "X": 0.5603364109992981,
            "Y": 0.39151233434677124
          },
          {
            "X": 0.13413327932357788,
            "Y": 0.3940269649028778
          }
        ]
      },
      "Id": "95497145-e141-4b93-86f7-c95acbf0e0e8",
      "Relationships": [
        {
          "Type": "CHILD",
          "Ids": [
            "7ced9143-b762-4a96-8ea9-0cbef9c57d80",
            "edd0cb9b-74f1-43b7-8521-824364cf5135",
            "4440e667-4cc8-4576-9951-e820c59beaaf"
          ]
        }
      ],
      "Page": 1
    },
    {
      "BlockType": "LINE",
      "Confidence": 64.01335144042969,
      "Text": "+203",
      "Geometry": {
        "BoundingBox": {
          "Width": 0.13308347761631012,
          "Height": 0.026663653552532196,
          "Left": 0.7999189496040344,
          "Top": 0.3760908246040344
        },
        "Polygon": [
          {
            "X": 0.7999189496040344,
            "Y": 0.376881867647171
          },
          {
            "X": 0.932952880859375,
            "Y": 0.3760908246040344
          },
          {
            "X": 0.9330024123191833,
            "Y": 0.4019753932952881
          },
          {
            "X": 0.7999640703201294,
            "Y": 0.4027544856071472
          }
        ]
      },
      "Id": "a1d2a9da-d393-40c4-a60e-ce06cb78ec0e",
      "Relationships": [
        {
          "Type": "CHILD",
          "Ids": [
            "e9782c83-e328-47f2-9a02-90a2a8b3f1c4"
          ]
        }
      ],
      "Page": 1
    },
    {
      "BlockType": "LINE",
      "Confidence": 76.32085418701172,
      "Text": "IP-D-",
      "Geometry": {
        "BoundingBox": {
          "Width": 0.09317918121814728,
          "Height": 0.021567078307271004,
          "Left": 0.4561850428581238,
          "Top": 0.4098908603191376
        },
        "Polygon": [
          {
            "X": 0.4561850428581238,
            "Y": 0.4104345142841339
          },
          {
            "X": 0.5493342876434326,
            "Y": 0.4098908603191376
          },
          {
            "X": 0.5493642091751099,
            "Y": 0.43092110753059387
          },
          {
            "X": 0.45621246099472046,
            "Y": 0.4314579367637634
          }
        ]
      },
      "Id": "bb37c525-42a7-4921-933c-cd32c467f8b3",
      "Relationships": [
        {
          "Type": "CHILD",
          "Ids": [
            "a06ecf9a-b518-4fe1-b4e3-71b8d08e306f"
          ]
        }
      ],
      "Page": 1
    },
    {
      "BlockType": "LINE",
      "Confidence": 94.45471954345703,
      "Text": "+",
      "Geometry": {
        "BoundingBox": {
          "Width": 0.01920165680348873,
          "Height": 0.015877293422818184,
          "Left": 0.7811604738235474,
          "Top": 0.43236541748046875
        },
        "Polygon": [
          {
            "X": 0.7811604738235474,
            "Y": 0.4324757158756256
          },
          {
            "X": 0.800334632396698,
            "Y": 0.43236541748046875
          },
          {
            "X": 0.8003621697425842,
            "Y": 0.4481334388256073
          },
          {
            "X": 0.7811875939369202,
            "Y": 0.4482426941394806
          }
        ]
      },
      "Id": "53ea3172-c380-413d-8404-8802f33ecb82",
      "Relationships": [
        {
          "Type": "CHILD",
          "Ids": [
            "f33cec49-1e92-4f9e-bc36-538066032cab"
          ]
        }
      ],
      "Page": 1
    },
    {
      "BlockType": "LINE",
      "Confidence": 78.31413269042969,
      "Text": "11:",
      "Geometry": {
        "BoundingBox": {
          "Width": 0.028522294014692307,
          "Height": 0.022026212885975838,
          "Left": 0.04996743053197861,
          "Top": 0.4560629725456238
        },
        "Polygon": [
          {
            "X": 0.04996743053197861,
            "Y": 0.4562250077724457
          },
          {
            "X": 0.07847177237272263,
            "Y": 0.4560629725456238
          },
          {
            "X": 0.07848972827196121,
            "Y": 0.47792932391166687
          },
          {
            "X": 0.049984585493803024,
            "Y": 0.47808918356895447
          }
        ]
      },
      "Id": "caf7a377-b95c-4334-be73-78d51c58c370",
      "Relationships": [
        {
          "Type": "CHILD",
          "Ids": [
            "651c7ded-df61-4c1e-aef7-72a428c27eaa"
          ]
        }
      ],
      "Page": 1
    },
    {
      "BlockType": "LINE",
      "Confidence": 57.30747604370117,
      "Text": "1",
      "Geometry": {
        "BoundingBox": {
          "Width": 0.007038770709186792,
          "Height": 0.022427940741181374,
          "Left": 0.48290151357650757,
          "Top": 0.4547864496707916
        },
        "Polygon": [
          {
            "X": 0.48290151357650757,
            "Y": 0.4548262655735016
          },
          {
            "X": 0.4899100959300995,
            "Y": 0.4547864496707916
          },
          {
            "X": 0.4899402856826782,
            "Y": 0.47717514634132385
          },
          {
            "X": 0.4829314649105072,
            "Y": 0.47721439599990845
          }
        ]
      },
      "Id": "b3391738-9bfa-4c57-a912-8c005e1c927e",
      "Relationships": [
        {
          "Type": "CHILD",
          "Ids": [
            "50783265-3378-49f3-ba87-ed820eed7f46"
          ]
        }
      ],
      "Page": 1
    },
    {
      "BlockType": "LINE",
      "Confidence": 53.25434112548828,
      "Text": "n-d",
      "Geometry": {
        "BoundingBox": {
          "Width": 0.04748513177037239,
          "Height": 0.01652347482740879,
          "Left": 0.7902489304542542,
          "Top": 0.44695502519607544
        },
        "Polygon": [
          {
            "X": 0.7902489304542542,
            "Y": 0.4472256004810333
          },
          {
            "X": 0.8377049565315247,
            "Y": 0.44695502519607544
          },
          {
            "X": 0.8377341032028198,
            "Y": 0.4632106125354767
          },
          {
            "X": 0.7902770638465881,
            "Y": 0.4634785056114197
          }
        ]
      },
      "Id": "85ad3239-79d6-4292-b46d-dec3b2a593fc",
      "Relationships": [
        {
          "Type": "CHILD",
          "Ids": [
            "d165e45d-7c3b-4bea-aee9-79334bc8f1f0"
          ]
        }
      ],
      "Page": 1
    },
    {
      "BlockType": "LINE",
      "Confidence": 13.731365203857422,
      "Text": "\"art",
      "Geometry": {
        "BoundingBox": {
          "Width": 0.04320850223302841,
          "Height": 0.027877699583768845,
          "Left": 0.8486310243606567,
          "Top": 0.436091810464859
        },
        "Polygon": [
          {
            "X": 0.8486310243606567,
            "Y": 0.43633943796157837
          },
          {
            "X": 0.8917880654335022,
            "Y": 0.436091810464859
          },
          {
            "X": 0.8918395042419434,
            "Y": 0.4637260138988495
          },
          {
            "X": 0.8486809134483337,
            "Y": 0.46396949887275696
          }
        ]
      },
      "Id": "0f356be3-d555-4481-bf36-939d3fac624c",
      "Relationships": [
        {
          "Type": "CHILD",
          "Ids": [
            "34f5e199-a171-4943-9778-4418e9b94456"
          ]
        }
      ],
      "Page": 1
    },
    {
      "BlockType": "LINE",
      "Confidence": 61.96189498901367,
      "Text": "Be",
      "Geometry": {
        "BoundingBox": {
          "Width": 0.0289545189589262,
          "Height": 0.018978198990225792,
          "Left": 0.8506711721420288,
          "Top": 0.43589234352111816
        },
        "Polygon": [
          {
            "X": 0.8506711721420288,
            "Y": 0.43605831265449524
          },
          {
            "X": 0.8795909285545349,
            "Y": 0.43589234352111816
          },
          {
            "X": 0.879625678062439,
            "Y": 0.45470646023750305
          },
          {
            "X": 0.8507052063941956,
            "Y": 0.4548705220222473
          }
        ]
      },
      "Id": "5eb068ad-0ea8-4e34-bab8-a6223c368915",
      "Relationships": [
        {
          "Type": "CHILD",
          "Ids": [
            "1ea2a61d-a7f0-400c-92e7-89a24ee18c24"
          ]
        }
      ],
      "Page": 1
    },
    {
      "BlockType": "LINE",
      "Confidence": 15.220224380493164,
      "Text": "ip p/",
      "Geometry": {
        "BoundingBox": {
          "Width": 0.06814371794462204,
          "Height": 0.03601076826453209,
          "Left": 0.9100349545478821,
          "Top": 0.4347717761993408
        },
        "Polygon": [
          {
            "X": 0.9100349545478821,
            "Y": 0.43516257405281067
          },
          {
            "X": 0.9781084060668945,
            "Y": 0.4347717761993408
          },
          {
            "X": 0.9781786799430847,
            "Y": 0.4704001545906067
          },
          {
            "X": 0.9101020693778992,
            "Y": 0.4707825183868408
          }
        ]
      },
      "Id": "9e23353d-58f1-4218-8925-08f68bd86c63",
      "Relationships": [
        {
          "Type": "CHILD",
          "Ids": [
            "e9bea689-593b-4c7a-8df9-20c85add15fa"
          ]
        }
      ],
      "Page": 1
    },
    {
      "BlockType": "LINE",
      "Confidence": 94.96990203857422,
      "Text": "?",
      "Geometry": {
        "BoundingBox": {
          "Width": 0.014919945038855076,
          "Height": 0.019473016262054443,
          "Left": 0.8110436201095581,
          "Top": 0.46596473455429077
        },
        "Polygon": [
          {
            "X": 0.8110436201095581,
            "Y": 0.46604862809181213
          },
          {
            "X": 0.8259291052818298,
            "Y": 0.46596473455429077
          },
          {
            "X": 0.82596355676651,
            "Y": 0.48535487055778503
          },
          {
            "X": 0.8110777139663696,
            "Y": 0.4854377508163452
          }
        ]
      },
      "Id": "6f70d17e-0ad5-40b7-b8b6-cf5cad8028d0",
      "Relationships": [
        {
          "Type": "CHILD",
          "Ids": [
            "ae5bac49-2ab9-496f-9458-dddde401a506"
          ]
        }
      ],
      "Page": 1
    },
    {
      "BlockType": "LINE",
      "Confidence": 24.396326065063477,
      "Text": "S5",
      "Geometry": {
        "BoundingBox": {
          "Width": 0.030290456488728523,
          "Height": 0.012182451784610748,
          "Left": 0.17208252847194672,
          "Top": 0.484454482793808
        },
        "Polygon": [
          {
            "X": 0.17208252847194672,
            "Y": 0.4846235513687134
          },
          {
            "X": 0.20236122608184814,
            "Y": 0.484454482793808
          },
          {
            "X": 0.2023729830980301,
            "Y": 0.4964691698551178
          },
          {
            "X": 0.17209383845329285,
            "Y": 0.4966369569301605
          }
        ]
      },
      "Id": "a7dd52c9-eb3d-4d0f-ba9e-370c2da97400",
      "Relationships": [
        {
          "Type": "CHILD",
          "Ids": [
            "b9ae590c-3901-4889-aaa9-cc6a2cd9181d"
          ]
        }
      ],
      "Page": 1
    },
    {
      "BlockType": "LINE",
      "Confidence": 55.82169723510742,
      "Text": "11:m 1-M 2x P 2x 0 1% d-p- 15 + IW 8X 15-5-15--",
      "Geometry": {
        "BoundingBox": {
          "Width": 0.9373255372047424,
          "Height": 0.06478910148143768,
          "Left": 0.05435792729258537,
          "Top": 0.47677916288375854
        },
        "Polygon": [
          {
            "X": 0.05435792729258537,
            "Y": 0.48202237486839294
          },
          {
            "X": 0.9915646314620972,
            "Y": 0.47677916288375854
          },
          {
            "X": 0.9916834831237793,
            "Y": 0.5365195274353027
          },
          {
            "X": 0.05440497770905495,
            "Y": 0.5415682792663574
          }
        ]
      },
      "Id": "05c0d2fd-4e1d-4f3d-a6a9-c4560b9039ff",
      "Relationships": [
        {
          "Type": "CHILD",
          "Ids": [
            "ad9e37b0-c809-41c6-801a-0506bc688f68",
            "cbf3340d-f2c7-44bd-a6e3-08da5ea90943",
            "bca79c65-0420-4298-b512-d0f346a97df3",
            "38fe688f-7f03-435c-a54a-eb080a1ed2ca",
            "98a5417c-7a82-4a1c-aeac-b82fcae40801",
            "50ec866d-9dd6-4644-b68e-8f73745c7487",
            "349fda8d-ce12-4477-a417-c42c82139008",
            "5acda220-46a7-4f1f-a1d4-65691e51e516",
            "6a978787-9c19-4299-bd84-de2840bc761b",
            "1957db5d-6d78-4fdb-9afc-1ee4cdedd066",
            "0983a12a-e3a8-47d1-8739-899e610ca3fb"
          ]
        }
      ],
      "Page": 1
    },
    {
      "BlockType": "LINE",
      "Confidence": 76.33311462402344,
      "Text": "11-99 + MTR + R + P-AdP-15",
      "Geometry": {
        "BoundingBox": {
          "Width": 0.5491273403167725,
          "Height": 0.05511657893657684,
          "Left": 0.07978765666484833,
          "Top": 0.5310808420181274
        },
        "Polygon": [
          {
            "X": 0.07978765666484833,
            "Y": 0.5340524315834045
          },
          {
            "X": 0.6288353204727173,
            "Y": 0.5310808420181274
          },
          {
            "X": 0.628915011882782,
            "Y": 0.5833255648612976
          },
          {
            "X": 0.07983055710792542,
            "Y": 0.5861973762512207
          }
        ]
      },
      "Id": "0e7a5fde-4e2e-4b44-b537-4c665a2f4fab",
      "Relationships": [
        {
          "Type": "CHILD",
          "Ids": [
            "2b8ea09f-461e-4f92-8829-bb81f0b5eecb",
            "e1491009-7f6b-48d3-b83c-fa845f9578ab",
            "fbb5c3d6-5cbc-48c6-83b0-68e05e502a38",
            "74184ed6-044b-4c02-9f10-b8dfbe3b5417",
            "fb742772-1ffc-4a61-a9d6-eed2bbf07e80",
            "2dec136d-8997-4203-ac05-fa543eac8d53",
            "0fc6dc01-06aa-435d-acee-8552861c0eb0"
          ]
        }
      ],
      "Page": 1
    },
    {
      "BlockType": "LINE",
      "Confidence": 54.46737289428711,
      "Text": "/V/V IVVV",
      "Geometry": {
        "BoundingBox": {
          "Width": 0.16502155363559723,
          "Height": 0.02250020205974579,
          "Left": 0.8054136633872986,
          "Top": 0.5290908813476562
        },
        "Polygon": [
          {
            "X": 0.8054136633872986,
            "Y": 0.5299838781356812
          },
          {
            "X": 0.9703927636146545,
            "Y": 0.5290908813476562
          },
          {
            "X": 0.9704352021217346,
            "Y": 0.5507104396820068
          },
          {
            "X": 0.805451512336731,
            "Y": 0.5515910387039185
          }
        ]
      },
      "Id": "0557e4c7-837b-4ffb-99bc-eba55da8a4d1",
      "Relationships": [
        {
          "Type": "CHILD",
          "Ids": [
            "c6013aed-87cb-4f75-ad90-6c87f78e5b74",
            "c8cd17fa-8114-4c24-8b76-5cd9447b3c13"
          ]
        }
      ],
      "Page": 1
    },
    {
      "BlockType": "LINE",
      "Confidence": 25.22819709777832,
      "Text": "NJSX",
      "Geometry": {
        "BoundingBox": {
          "Width": 0.08819269388914108,
          "Height": 0.032481104135513306,
          "Left": 0.5998666286468506,
          "Top": 0.5650862455368042
        },
        "Polygon": [
          {
            "X": 0.5998666286468506,
            "Y": 0.5655527114868164
          },
          {
            "X": 0.6880080699920654,
            "Y": 0.5650862455368042
          },
          {
            "X": 0.6880593299865723,
            "Y": 0.5971106290817261
          },
          {
            "X": 0.5999142527580261,
            "Y": 0.5975673198699951
          }
        ]
      },
      "Id": "98e275fc-24d0-4865-9f2c-511a6e1d09ac",
      "Relationships": [
        {
          "Type": "CHILD",
          "Ids": [
            "7c7d927b-273b-46c2-9303-6ec33a144f15"
          ]
        }
      ],
      "Page": 1
    },
    {
      "BlockType": "LINE",
      "Confidence": 26.230567932128906,
      "Text": "11",
      "Geometry": {
        "BoundingBox": {
          "Width": 0.038355957716703415,
          "Height": 0.025496013462543488,
          "Left": 0.8181197643280029,
          "Top": 0.5609392523765564
        },
        "Polygon": [
          {
            "X": 0.8181197643280029,
            "Y": 0.5611424446105957
          },
          {
            "X": 0.8564297556877136,
            "Y": 0.5609392523765564
          },
          {
            "X": 0.8564757108688354,
            "Y": 0.5862354040145874
          },
          {
            "X": 0.8181644678115845,
            "Y": 0.5864352583885193
          }
        ]
      },
      "Id": "0939f3ed-df95-4083-bda4-534bb8408e92",
      "Relationships": [
        {
          "Type": "CHILD",
          "Ids": [
            "1bec6d27-9ac2-4627-8aca-b00f19154fe0"
          ]
        }
      ],
      "Page": 1
    },
    {
      "BlockType": "LINE",
      "Confidence": 50.987098693847656,
      "Text": "them -5-Rlg R-sn-f-sr dept SFS'R-R'M-MP-",
      "Geometry": {
        "BoundingBox": {
          "Width": 0.7792333364486694,
          "Height": 0.06776636838912964,
          "Left": 0.03185409680008888,
          "Top": 0.5987057089805603
        },
        "Polygon": [
          {
            "X": 0.03185409680008888,
            "Y": 0.6027364134788513
          },
          {
            "X": 0.8109750747680664,
            "Y": 0.5987057089805603
          },
          {
            "X": 0.8110874891281128,
            "Y": 0.6626144051551819
          },
          {
            "X": 0.03190261870622635,
            "Y": 0.6664720773696899
          }
        ]
      },
      "Id": "809b80d7-66de-456b-a9cd-360b180ec79e",
      "Relationships": [
        {
          "Type": "CHILD",
          "Ids": [
            "b4f651e1-bfe1-468a-9aee-b4d8c2749ebf",
            "a30e5196-5555-4e43-a2d7-cab33062161d",
            "46663290-8abd-479f-8523-c76d6f1e435a",
            "6927ab1b-6ec8-48dd-b54a-4b4122c653fe",
            "e87b7601-ad7f-4999-acbf-7ce24d20a77d"
          ]
        }
      ],
      "Page": 1
    },
    {
      "BlockType": "LINE",
      "Confidence": 70.9044189453125,
      "Text": "+ p-d",
      "Geometry": {
        "BoundingBox": {
          "Width": 0.1555870771408081,
          "Height": 0.0338117815554142,
          "Left": 0.36556488275527954,
          "Top": 0.598055362701416
        },
        "Polygon": [
          {
            "X": 0.36556488275527954,
            "Y": 0.5988612174987793
          },
          {
            "X": 0.5211061835289001,
            "Y": 0.598055362701416
          },
          {
            "X": 0.5211519598960876,
            "Y": 0.6310791373252869
          },
          {
            "X": 0.36560410261154175,
            "Y": 0.6318671107292175
          }
        ]
      },
      "Id": "b09481e1-3706-4b34-b9a6-eab82a233cbc",
      "Relationships": [
        {
          "Type": "CHILD",
          "Ids": [
            "7cc92ce6-75f6-43d2-8413-d05ff8fe98cd",
            "4f92b941-daac-4573-a824-8f9ee5951543"
          ]
        }
      ],
      "Page": 1
    },
    {
      "BlockType": "LINE",
      "Confidence": 40.2153434753418,
      "Text": "/X m pd pls S -11",
      "Geometry": {
        "BoundingBox": {
          "Width": 0.3716505765914917,
          "Height": 0.04541226848959923,
          "Left": 0.029434310272336006,
          "Top": 0.6572306156158447
        },
        "Polygon": [
          {
            "X": 0.029434310272336006,
            "Y": 0.659079909324646
          },
          {
            "X": 0.4010310769081116,
            "Y": 0.6572306156158447
          },
          {
            "X": 0.40108487010002136,
            "Y": 0.7008499503135681
          },
          {
            "X": 0.02946733683347702,
            "Y": 0.7026428580284119
          }
        ]
      },
      "Id": "f54084a7-220d-4f3f-a611-85666f7f4c8f",
      "Relationships": [
        {
          "Type": "CHILD",
          "Ids": [
            "ebbc14ce-a02c-4958-8a2e-bf4bbb9c7a27",
            "16efcd89-9d5e-4b21-9eab-e8ad2134ed80",
            "5a887401-6b4c-4085-87cf-fe084d5c863b",
            "4a252184-ef1f-4fc3-848f-c0174a6ff2fb"
          ]
        }
      ],
      "Page": 1
    },
    {
      "BlockType": "LINE",
      "Confidence": 59.629966735839844,
      "Text": "P sndp midi-154x",
      "Geometry": {
        "BoundingBox": {
          "Width": 0.5064815282821655,
          "Height": 0.04709102585911751,
          "Left": 0.2641172409057617,
          "Top": 0.6940751075744629
        },
        "Polygon": [
          {
            "X": 0.2641172409057617,
            "Y": 0.6965271234512329
          },
          {
            "X": 0.7705224752426147,
            "Y": 0.6940751075744629
          },
          {
            "X": 0.7705987691879272,
            "Y": 0.738792896270752
          },
          {
            "X": 0.2641645073890686,
            "Y": 0.7411661744117737
          }
        ]
      },
      "Id": "e43a8fb0-102c-4599-b1a8-d9b8612461f9",
      "Relationships": [
        {
          "Type": "CHILD",
          "Ids": [
            "b6bf56d9-bf5c-4e87-a585-0f5caf22db34",
            "d37b683c-3630-4499-9b2b-c263eb06a18b",
            "d78517d4-03d9-429f-b4c5-710caef367a5"
          ]
        }
      ],
      "Page": 1
    },
    {
      "BlockType": "WORD",
      "Confidence": 83.47596740722656,
      "Text": "Shuddha",
      "TextType": "HANDWRITING",
      "Geometry": {
        "BoundingBox": {
          "Width": 0.10706125199794769,
          "Height": 0.023408424109220505,
          "Left": 0.613184928894043,
          "Top": 0.035347241908311844
        },
        "Polygon": [
          {
            "X": 0.613184928894043,
            "Y": 0.03611112758517265
          },
          {
            "X": 0.720209002494812,
            "Y": 0.035347241908311844
          },
          {
            "X": 0.7202461957931519,
            "Y": 0.05800020694732666
          },
          {
            "X": 0.6132190823554993,
            "Y": 0.05875566601753235
          }
        ]
      },
      "Id": "cc69080d-a6d3-4675-9670-722633f97cad",
      "Page": 1
    },
    {
      "BlockType": "WORD",
      "Confidence": 78.59474182128906,
      "Text": "Todi",
      "TextType": "HANDWRITING",
      "Geometry": {
        "BoundingBox": {
          "Width": 0.050957102328538895,
          "Height": 0.02264402247965336,
          "Left": 0.7252591848373413,
          "Top": 0.03553253784775734
        },
        "Polygon": [
          {
            "X": 0.7252591848373413,
            "Y": 0.03589586541056633
          },
          {
            "X": 0.7761780619621277,
            "Y": 0.03553253784775734
          },
          {
            "X": 0.7762162685394287,
            "Y": 0.05781717225909233
          },
          {
            "X": 0.7252959609031677,
            "Y": 0.05817655846476555
          }
        ]
      },
      "Id": "7908864f-20c8-4673-bce2-01bef1b56826",
      "Page": 1
    },
    {
      "BlockType": "WORD",
      "Confidence": 90.51100158691406,
      "Text": "Summer",
      "TextType": "HANDWRITING",
      "Geometry": {
        "BoundingBox": {
          "Width": 0.08839353173971176,
          "Height": 0.019573049619793892,
          "Left": 0.8068514466285706,
          "Top": 0.04002917930483818
        },
        "Polygon": [
          {
            "X": 0.8068514466285706,
            "Y": 0.04065801203250885
          },
          {
            "X": 0.895209550857544,
            "Y": 0.04002917930483818
          },
          {
            "X": 0.8952449560165405,
            "Y": 0.05897921323776245
          },
          {
            "X": 0.8068846464157104,
            "Y": 0.05960223078727722
          }
        ]
      },
      "Id": "adb7f99a-4425-4e50-b7b9-ed6f62a7538e",
      "Page": 1
    },
    {
      "BlockType": "WORD",
      "Confidence": 19.56229019165039,
      "Text": "SAPBSSSIPPPPP",
      "TextType": "HANDWRITING",
      "Geometry": {
        "BoundingBox": {
          "Width": 0.23036043345928192,
          "Height": 0.0287195835262537,
          "Left": 0.06063426285982132,
          "Top": 0.06411705166101456
        },
        "Polygon": [
          {
            "X": 0.06063426285982132,
            "Y": 0.06574037671089172
          },
          {
            "X": 0.2909650504589081,
            "Y": 0.06411705166101456
          },
          {
            "X": 0.29099470376968384,
            "Y": 0.09123504161834717
          },
          {
            "X": 0.060655903071165085,
            "Y": 0.09283663332462311
          }
        ]
      },
      "Id": "b8e36eb5-9622-4b34-b491-e27a9ecb01e6",
      "Page": 1
    },
    {
      "BlockType": "WORD",
      "Confidence": 95.88548278808594,
      "Text": "DDD",
      "TextType": "HANDWRITING",
      "Geometry": {
        "BoundingBox": {
          "Width": 0.07224129140377045,
          "Height": 0.02388574182987213,
          "Left": 0.3143790662288666,
          "Top": 0.06778811663389206
        },
        "Polygon": [
          {
            "X": 0.3143790662288666,
            "Y": 0.06829596310853958
          },
          {
            "X": 0.38659194111824036,
            "Y": 0.06778811663389206
          },
          {
            "X": 0.3866203725337982,
            "Y": 0.09117188304662704
          },
          {
            "X": 0.3144053518772125,
            "Y": 0.09167385846376419
          }
        ]
      },
      "Id": "82a8243e-450c-4a38-8c1c-035dd47b25d3",
      "Page": 1
    },
    {
      "BlockType": "WORD",
      "Confidence": 81.64600372314453,
      "Text": "Int Inst",
      "TextType": "HANDWRITING",
      "Geometry": {
        "BoundingBox": {
          "Width": 0.08843954652547836,
          "Height": 0.016507789492607117,
          "Left": 0.7501139044761658,
          "Top": 0.05897263064980507
        },
        "Polygon": [
          {
            "X": 0.7501139044761658,
            "Y": 0.05959613248705864
          },
          {
            "X": 0.8385249376296997,
            "Y": 0.05897263064980507
          },
          {
            "X": 0.8385534882545471,
            "Y": 0.0748618021607399
          },
          {
            "X": 0.7501406073570251,
            "Y": 0.07548042386770248
          }
        ]
      },
      "Id": "ea02daff-af2a-4869-809f-ffd9a20bfb41",
      "Page": 1
    },
    {
      "BlockType": "WORD",
      "Confidence": 43.411888122558594,
      "Text": "n-nd-dpp",
      "TextType": "HANDWRITING",
      "Geometry": {
        "BoundingBox": {
          "Width": 0.1354743093252182,
          "Height": 0.02597145363688469,
          "Left": 0.7994949221611023,
          "Top": 0.08571518957614899
        },
        "Polygon": [
          {
            "X": 0.7994949221611023,
            "Y": 0.0866573303937912
          },
          {
            "X": 0.934921145439148,
            "Y": 0.08571518957614899
          },
          {
            "X": 0.9349691867828369,
            "Y": 0.1107562780380249
          },
          {
            "X": 0.7995385527610779,
            "Y": 0.11168664693832397
          }
        ]
      },
      "Id": "bbfc29a0-6f0f-4233-b565-1bb2c31c1883",
      "Page": 1
    },
    {
      "BlockType": "WORD",
      "Confidence": 98.27407836914062,
      "Text": "89",
      "TextType": "HANDWRITING",
      "Geometry": {
        "BoundingBox": {
          "Width": 0.042705804109573364,
          "Height": 0.024508150294423103,
          "Left": 0.853729248046875,
          "Top": 0.05485468730330467
        },
        "Polygon": [
          {
            "X": 0.853729248046875,
            "Y": 0.05515609309077263
          },
          {
            "X": 0.8963897824287415,
            "Y": 0.05485468730330467
          },
          {
            "X": 0.896435022354126,
            "Y": 0.07906501740217209
          },
          {
            "X": 0.8537731170654297,
            "Y": 0.07936283946037292
          }
        ]
      },
      "Id": "bffd4974-3ee5-4f42-b4d3-cb9195c7f776",
      "Page": 1
    },
    {
      "BlockType": "WORD",
      "Confidence": 19.686304092407227,
      "Text": "m-mp-p'pp",
      "TextType": "HANDWRITING",
      "Geometry": {
        "BoundingBox": {
          "Width": 0.1658431589603424,
          "Height": 0.02514716051518917,
          "Left": 0.6186368465423584,
          "Top": 0.11491524428129196
        },
        "Polygon": [
          {
            "X": 0.6186368465423584,
            "Y": 0.11605244874954224
          },
          {
            "X": 0.7844385504722595,
            "Y": 0.11491524428129196
          },
          {
            "X": 0.7844799757003784,
            "Y": 0.1389390528202057
          },
          {
            "X": 0.6186731457710266,
            "Y": 0.14006240665912628
          }
        ]
      },
      "Id": "e531b0bd-e64b-495b-80f0-da83269bf571",
      "Page": 1
    },
    {
      "BlockType": "WORD",
      "Confidence": 92.00334167480469,
      "Text": "Shalla",
      "TextType": "HANDWRITING",
      "Geometry": {
        "BoundingBox": {
          "Width": 0.08960294723510742,
          "Height": 0.02631029672920704,
          "Left": 0.017720239236950874,
          "Top": 0.3057807385921478
        },
        "Polygon": [
          {
            "X": 0.017720239236950874,
            "Y": 0.3063369393348694
          },
          {
            "X": 0.10730108618736267,
            "Y": 0.3057807385921478
          },
          {
            "X": 0.10732319205999374,
            "Y": 0.3315429091453552
          },
          {
            "X": 0.01773938722908497,
            "Y": 0.3320910632610321
          }
        ]
      },
      "Id": "05774b23-be6c-4bbf-83ad-7da9fd17cdf8",
      "Page": 1
    },
    {
      "BlockType": "WORD",
      "Confidence": 37.82575607299805,
      "Text": "out",
      "TextType": "HANDWRITING",
      "Geometry": {
        "BoundingBox": {
          "Width": 0.026283465325832367,
          "Height": 0.019292479380965233,
          "Left": 0.2690190076828003,
          "Top": 0.3072236180305481
        },
        "Polygon": [
          {
            "X": 0.2690190076828003,
            "Y": 0.3073864281177521
          },
          {
            "X": 0.29528146982192993,
            "Y": 0.3072236180305481
          },
          {
            "X": 0.29530248045921326,
            "Y": 0.3263550400733948
          },
          {
            "X": 0.2690393924713135,
            "Y": 0.3265160918235779
          }
        ]
      },
      "Id": "9864c50c-61af-4cfb-a654-a8815f6f22a4",
      "Page": 1
    },
    {
      "BlockType": "WORD",
      "Confidence": 8.755879402160645,
      "Text": "INW",
      "TextType": "HANDWRITING",
      "Geometry": {
        "BoundingBox": {
          "Width": 0.04600788280367851,
          "Height": 0.012478784658014774,
          "Left": 0.13410009443759918,
          "Top": 0.3565731346607208
        },
        "Polygon": [
          {
            "X": 0.13410009443759918,
            "Y": 0.3568504750728607
          },
          {
            "X": 0.18009637296199799,
            "Y": 0.3565731346607208
          },
          {
            "X": 0.180107980966568,
            "Y": 0.3687765300273895
          },
          {
            "X": 0.13411098718643188,
            "Y": 0.3690519332885742
          }
        ]
      },
      "Id": "7ced9143-b762-4a96-8ea9-0cbef9c57d80",
      "Page": 1
    },
    {
      "BlockType": "WORD",
      "Confidence": 85.98263549804688,
      "Text": "203",
      "TextType": "HANDWRITING",
      "Geometry": {
        "BoundingBox": {
          "Width": 0.10161459445953369,
          "Height": 0.018303850665688515,
          "Left": 0.41265401244163513,
          "Top": 0.35397663712501526
        },
        "Polygon": [
          {
            "X": 0.41265401244163513,
            "Y": 0.35458940267562866
          },
          {
            "X": 0.5142441987991333,
            "Y": 0.35397663712501526
          },
          {
            "X": 0.5142685770988464,
            "Y": 0.37167394161224365
          },
          {
            "X": 0.4126760959625244,
            "Y": 0.372280478477478
          }
        ]
      },
      "Id": "edd0cb9b-74f1-43b7-8521-824364cf5135",
      "Page": 1
    },
    {
      "BlockType": "WORD",
      "Confidence": 12.922612190246582,
      "Text": "P/P3/11",
      "TextType": "HANDWRITING",
      "Geometry": {
        "BoundingBox": {
          "Width": 0.14667974412441254,
          "Height": 0.03741653263568878,
          "Left": 0.41365668177604675,
          "Top": 0.35496094822883606
        },
        "Polygon": [
          {
            "X": 0.41365668177604675,
            "Y": 0.35584473609924316
          },
          {
            "X": 0.5602838397026062,
            "Y": 0.35496094822883606
          },
          {
            "X": 0.5603364109992981,
            "Y": 0.39151233434677124
          },
          {
            "X": 0.4137023389339447,
            "Y": 0.39237749576568604
          }
        ]
      },
      "Id": "4440e667-4cc8-4576-9951-e820c59beaaf",
      "Page": 1
    },
    {
      "BlockType": "WORD",
      "Confidence": 64.01335144042969,
      "Text": "+203",
      "TextType": "PRINTED",
      "Geometry": {
        "BoundingBox": {
          "Width": 0.13308347761631012,
          "Height": 0.026663653552532196,
          "Left": 0.7999189496040344,
          "Top": 0.3760908246040344
        },
        "Polygon": [
          {
            "X": 0.7999189496040344,
            "Y": 0.376881867647171
          },
          {
            "X": 0.932952880859375,
            "Y": 0.3760908246040344
          },
          {
            "X": 0.9330024123191833,
            "Y": 0.4019753932952881
          },
          {
            "X": 0.7999640703201294,
            "Y": 0.4027544856071472
          }
        ]
      },
      "Id": "e9782c83-e328-47f2-9a02-90a2a8b3f1c4",
      "Page": 1
    },
    {
      "BlockType": "WORD",
      "Confidence": 76.32085418701172,
      "Text": "IP-D-",
      "TextType": "HANDWRITING",
      "Geometry": {
        "BoundingBox": {
          "Width": 0.09317918121814728,
          "Height": 0.021567078307271004,
          "Left": 0.4561850428581238,
          "Top": 0.4098908603191376
        },
        "Polygon": [
          {
            "X": 0.4561850428581238,
            "Y": 0.4104345142841339
          },
          {
            "X": 0.5493342876434326,
            "Y": 0.4098908603191376
          },
          {
            "X": 0.5493642091751099,
            "Y": 0.43092110753059387
          },
          {
            "X": 0.45621246099472046,
            "Y": 0.4314579367637634
          }
        ]
      },
      "Id": "a06ecf9a-b518-4fe1-b4e3-71b8d08e306f",
      "Page": 1
    },
    {
      "BlockType": "WORD",
      "Confidence": 94.45471954345703,
      "Text": "+",
      "TextType": "HANDWRITING",
      "Geometry": {
        "BoundingBox": {
          "Width": 0.01920165680348873,
          "Height": 0.015877293422818184,
          "Left": 0.7811604738235474,
          "Top": 0.43236541748046875
        },
        "Polygon": [
          {
            "X": 0.7811604738235474,
            "Y": 0.4324757158756256
          },
          {
            "X": 0.800334632396698,
            "Y": 0.43236541748046875
          },
          {
            "X": 0.8003621697425842,
            "Y": 0.4481334388256073
          },
          {
            "X": 0.7811875939369202,
            "Y": 0.4482426941394806
          }
        ]
      },
      "Id": "f33cec49-1e92-4f9e-bc36-538066032cab",
      "Page": 1
    },
    {
      "BlockType": "WORD",
      "Confidence": 78.31413269042969,
      "Text": "11:",
      "TextType": "HANDWRITING",
      "Geometry": {
        "BoundingBox": {
          "Width": 0.028522294014692307,
          "Height": 0.022026212885975838,
          "Left": 0.04996743053197861,
          "Top": 0.4560629725456238
        },
        "Polygon": [
          {
            "X": 0.04996743053197861,
            "Y": 0.4562250077724457
          },
          {
            "X": 0.07847177237272263,
            "Y": 0.4560629725456238
          },
          {
            "X": 0.07848972827196121,
            "Y": 0.47792932391166687
          },
          {
            "X": 0.049984585493803024,
            "Y": 0.47808918356895447
          }
        ]
      },
      "Id": "651c7ded-df61-4c1e-aef7-72a428c27eaa",
      "Page": 1
    },
    {
      "BlockType": "WORD",
      "Confidence": 57.30747604370117,
      "Text": "1",
      "TextType": "HANDWRITING",
      "Geometry": {
        "BoundingBox": {
          "Width": 0.007038770709186792,
          "Height": 0.022427940741181374,
          "Left": 0.48290151357650757,
          "Top": 0.4547864496707916
        },
        "Polygon": [
          {
            "X": 0.48290151357650757,
            "Y": 0.4548262655735016
          },
          {
            "X": 0.4899100959300995,
            "Y": 0.4547864496707916
          },
          {
            "X": 0.4899402856826782,
            "Y": 0.47717514634132385
          },
          {
            "X": 0.4829314649105072,
            "Y": 0.47721439599990845
          }
        ]
      },
      "Id": "50783265-3378-49f3-ba87-ed820eed7f46",
      "Page": 1
    },
    {
      "BlockType": "WORD",
      "Confidence": 53.25434112548828,
      "Text": "n-d",
      "TextType": "HANDWRITING",
      "Geometry": {
        "BoundingBox": {
          "Width": 0.04748513177037239,
          "Height": 0.01652347482740879,
          "Left": 0.7902489304542542,
          "Top": 0.44695502519607544
        },
        "Polygon": [
          {
            "X": 0.7902489304542542,
            "Y": 0.4472256004810333
          },
          {
            "X": 0.8377049565315247,
            "Y": 0.44695502519607544
          },
          {
            "X": 0.8377341032028198,
            "Y": 0.4632106125354767
          },
          {
            "X": 0.7902770638465881,
            "Y": 0.4634785056114197
          }
        ]
      },
      "Id": "d165e45d-7c3b-4bea-aee9-79334bc8f1f0",
      "Page": 1
    },
    {
      "BlockType": "WORD",
      "Confidence": 13.731365203857422,
      "Text": "\"art",
      "TextType": "HANDWRITING",
      "Geometry": {
        "BoundingBox": {
          "Width": 0.04320850223302841,
          "Height": 0.027877699583768845,
          "Left": 0.8486310243606567,
          "Top": 0.436091810464859
        },
        "Polygon": [
          {
            "X": 0.8917880654335022,
            "Y": 0.436091810464859
          },
          {
            "X": 0.8918395042419434,
            "Y": 0.4637260138988495
          },
          {
            "X": 0.8486809134483337,
            "Y": 0.46396949887275696
          },
          {
            "X": 0.8486310243606567,
            "Y": 0.43633943796157837
          }
        ]
      },
      "Id": "34f5e199-a171-4943-9778-4418e9b94456",
      "Page": 1
    },
    {
      "BlockType": "WORD",
      "Confidence": 61.96189498901367,
      "Text": "Be",
      "TextType": "HANDWRITING",
      "Geometry": {
        "BoundingBox": {
          "Width": 0.0289545189589262,
          "Height": 0.018978198990225792,
          "Left": 0.8506711721420288,
          "Top": 0.43589234352111816
        },
        "Polygon": [
          {
            "X": 0.8506711721420288,
            "Y": 0.43605831265449524
          },
          {
            "X": 0.8795909285545349,
            "Y": 0.43589234352111816
          },
          {
            "X": 0.879625678062439,
            "Y": 0.45470646023750305
          },
          {
            "X": 0.8507052063941956,
            "Y": 0.4548705220222473
          }
        ]
      },
      "Id": "1ea2a61d-a7f0-400c-92e7-89a24ee18c24",
      "Page": 1
    },
    {
      "BlockType": "WORD",
      "Confidence": 15.220224380493164,
      "Text": "ip p/",
      "TextType": "HANDWRITING",
      "Geometry": {
        "BoundingBox": {
          "Width": 0.06814371794462204,
          "Height": 0.03601076826453209,
          "Left": 0.9100349545478821,
          "Top": 0.4347717761993408
        },
        "Polygon": [
          {
            "X": 0.9100349545478821,
            "Y": 0.43516257405281067
          },
          {
            "X": 0.9781084060668945,
            "Y": 0.4347717761993408
          },
          {
            "X": 0.9781786799430847,
            "Y": 0.4704001545906067
          },
          {
            "X": 0.9101020693778992,
            "Y": 0.4707825183868408
          }
        ]
      },
      "Id": "e9bea689-593b-4c7a-8df9-20c85add15fa",
      "Page": 1
    },
    {
      "BlockType": "WORD",
      "Confidence": 94.96990203857422,
      "Text": "?",
      "TextType": "HANDWRITING",
      "Geometry": {
        "BoundingBox": {
          "Width": 0.014919945038855076,
          "Height": 0.019473016262054443,
          "Left": 0.8110436201095581,
          "Top": 0.46596473455429077
        },
        "Polygon": [
          {
            "X": 0.8110436201095581,
            "Y": 0.46604862809181213
          },
          {
            "X": 0.8259291052818298,
            "Y": 0.46596473455429077
          },
          {
            "X": 0.82596355676651,
            "Y": 0.48535487055778503
          },
          {
            "X": 0.8110777139663696,
            "Y": 0.4854377508163452
          }
        ]
      },
      "Id": "ae5bac49-2ab9-496f-9458-dddde401a506",
      "Page": 1
    },
    {
      "BlockType": "WORD",
      "Confidence": 24.396326065063477,
      "Text": "S5",
      "TextType": "HANDWRITING",
      "Geometry": {
        "BoundingBox": {
          "Width": 0.030290456488728523,
          "Height": 0.012182451784610748,
          "Left": 0.17208252847194672,
          "Top": 0.484454482793808
        },
        "Polygon": [
          {
            "X": 0.17208252847194672,
            "Y": 0.4846235513687134
          },
          {
            "X": 0.20236122608184814,
            "Y": 0.484454482793808
          },
          {
            "X": 0.2023729830980301,
            "Y": 0.4964691698551178
          },
          {
            "X": 0.17209383845329285,
            "Y": 0.4966369569301605
          }
        ]
      },
      "Id": "b9ae590c-3901-4889-aaa9-cc6a2cd9181d",
      "Page": 1
    },
    {
      "BlockType": "WORD",
      "Confidence": 54.352359771728516,
      "Text": "11:m",
      "TextType": "HANDWRITING",
      "Geometry": {
        "BoundingBox": {
          "Width": 0.075179323554039,
          "Height": 0.019890401512384415,
          "Left": 0.05437466502189636,
          "Top": 0.5027897357940674
        },
        "Polygon": [
          {
            "X": 0.05437466502189636,
            "Y": 0.5032047033309937
          },
          {
            "X": 0.1295367181301117,
            "Y": 0.5027897357940674
          },
          {
            "X": 0.12955398857593536,
            "Y": 0.5222703218460083
          },
          {
            "X": 0.05439005419611931,
            "Y": 0.5226801633834839
          }
        ]
      },
      "Id": "ad9e37b0-c809-41c6-801a-0506bc688f68",
      "Page": 1
    },
    {
      "BlockType": "WORD",
      "Confidence": 54.343711853027344,
      "Text": "1-M",
      "TextType": "HANDWRITING",
      "Geometry": {
        "BoundingBox": {
          "Width": 0.08028928190469742,
          "Height": 0.019862430170178413,
          "Left": 0.09106150269508362,
          "Top": 0.5215082764625549
        },
        "Polygon": [
          {
            "X": 0.09106150269508362,
            "Y": 0.521946132183075
          },
          {
            "X": 0.17133252322673798,
            "Y": 0.5215082764625549
          },
          {
            "X": 0.17135079205036163,
            "Y": 0.5409383177757263
          },
          {
            "X": 0.0910777598619461,
            "Y": 0.5413707494735718
          }
        ]
      },
      "Id": "cbf3340d-f2c7-44bd-a6e3-08da5ea90943",
      "Page": 1
    },
    {
      "BlockType": "WORD",
      "Confidence": 87.07669067382812,
      "Text": "2x",
      "TextType": "HANDWRITING",
      "Geometry": {
        "BoundingBox": {
          "Width": 0.03489150106906891,
          "Height": 0.015569686889648438,
          "Left": 0.18763765692710876,
          "Top": 0.507068395614624
        },
        "Polygon": [
          {
            "X": 0.18763765692710876,
            "Y": 0.5072603225708008
          },
          {
            "X": 0.22251369059085846,
            "Y": 0.507068395614624
          },
          {
            "X": 0.22252915799617767,
            "Y": 0.5224480032920837
          },
          {
            "X": 0.18765242397785187,
            "Y": 0.5226380825042725
          }
        ]
      },
      "Id": "bca79c65-0420-4298-b512-d0f346a97df3",
      "Page": 1
    },
    {
      "BlockType": "WORD",
      "Confidence": 59.41386413574219,
      "Text": "P 2x",
      "TextType": "HANDWRITING",
      "Geometry": {
        "BoundingBox": {
          "Width": 0.06982041150331497,
          "Height": 0.022443359717726707,
          "Left": 0.2574246823787689,
          "Top": 0.4990311861038208
        },
        "Polygon": [
          {
            "X": 0.2574246823787689,
            "Y": 0.49941715598106384
          },
          {
            "X": 0.32721996307373047,
            "Y": 0.4990311861038208
          },
          {
            "X": 0.3272450864315033,
            "Y": 0.5210939645767212
          },
          {
            "X": 0.25744783878326416,
            "Y": 0.5214745402336121
          }
        ]
      },
      "Id": "38fe688f-7f03-435c-a54a-eb080a1ed2ca",
      "Page": 1
    },
    {
      "BlockType": "WORD",
      "Confidence": 78.41597747802734,
      "Text": "0",
      "TextType": "HANDWRITING",
      "Geometry": {
        "BoundingBox": {
          "Width": 0.015442976728081703,
          "Height": 0.010621205903589725,
          "Left": 0.2610844671726227,
          "Top": 0.48725762963294983
        },
        "Polygon": [
          {
            "X": 0.2610844671726227,
            "Y": 0.48734360933303833
          },
          {
            "X": 0.2765161097049713,
            "Y": 0.48725762963294983
          },
          {
            "X": 0.27652743458747864,
            "Y": 0.49779340624809265
          },
          {
            "X": 0.2610955834388733,
            "Y": 0.4978788197040558
          }
        ]
      },
      "Id": "98a5417c-7a82-4a1c-aeac-b82fcae40801",
      "Page": 1
    },
    {
      "BlockType": "WORD",
      "Confidence": 16.433753967285156,
      "Text": "1%",
      "TextType": "HANDWRITING",
      "Geometry": {
        "BoundingBox": {
          "Width": 0.1442744880914688,
          "Height": 0.03819570317864418,
          "Left": 0.36925897002220154,
          "Top": 0.486722469329834
        },
        "Polygon": [
          {
            "X": 0.36925897002220154,
            "Y": 0.4875256419181824
          },
          {
            "X": 0.5134819149971008,
            "Y": 0.486722469329834
          },
          {
            "X": 0.5135334730148315,
            "Y": 0.5241337418556213
          },
          {
            "X": 0.3693035840988159,
            "Y": 0.5249181389808655
          }
        ]
      },
      "Id": "50ec866d-9dd6-4644-b68e-8f73745c7487",
      "Page": 1
    },
    {
      "BlockType": "WORD",
      "Confidence": 11.32458782196045,
      "Text": "d-p- 15",
      "TextType": "HANDWRITING",
      "Geometry": {
        "BoundingBox": {
          "Width": 0.10093843936920166,
          "Height": 0.026261424645781517,
          "Left": 0.5750136971473694,
          "Top": 0.49222415685653687
        },
        "Polygon": [
          {
            "X": 0.5750136971473694,
            "Y": 0.4927838146686554
          },
          {
            "X": 0.6759113669395447,
            "Y": 0.49222415685653687
          },
          {
            "X": 0.675952136516571,
            "Y": 0.5179349184036255
          },
          {
            "X": 0.5750511288642883,
            "Y": 0.5184855461120605
          }
        ]
      },
      "Id": "349fda8d-ce12-4477-a417-c42c82139008",
      "Page": 1
    },
    {
      "BlockType": "WORD",
      "Confidence": 92.9306869506836,
      "Text": "+",
      "TextType": "HANDWRITING",
      "Geometry": {
        "BoundingBox": {
          "Width": 0.02481735125184059,
          "Height": 0.015079258009791374,
          "Left": 0.644366979598999,
          "Top": 0.47858285903930664
        },
        "Polygon": [
          {
            "X": 0.644366979598999,
            "Y": 0.478721559047699
          },
          {
            "X": 0.669160783290863,
            "Y": 0.47858285903930664
          },
          {
            "X": 0.6691843271255493,
            "Y": 0.4935247004032135
          },
          {
            "X": 0.6443900465965271,
            "Y": 0.49366211891174316
          }
        ]
      },
      "Id": "5acda220-46a7-4f1f-a1d4-65691e51e516",
      "Page": 1
    },
    {
      "BlockType": "WORD",
      "Confidence": 69.39253997802734,
      "Text": "IW",
      "TextType": "HANDWRITING",
      "Geometry": {
        "BoundingBox": {
          "Width": 0.04297398403286934,
          "Height": 0.01640317030251026,
          "Left": 0.6528169512748718,
          "Top": 0.5218604803085327
        },
        "Polygon": [
          {
            "X": 0.6528169512748718,
            "Y": 0.5220942497253418
          },
          {
            "X": 0.6957648992538452,
            "Y": 0.5218604803085327
          },
          {
            "X": 0.6957909464836121,
            "Y": 0.5380322933197021
          },
          {
            "X": 0.652842104434967,
            "Y": 0.5382636189460754
          }
        ]
      },
      "Id": "6a978787-9c19-4299-bd84-de2840bc761b",
      "Page": 1
    },
    {
      "BlockType": "WORD",
      "Confidence": 53.69419479370117,
      "Text": "8X",
      "TextType": "HANDWRITING",
      "Geometry": {
        "BoundingBox": {
          "Width": 0.04822665452957153,
          "Height": 0.02102309837937355,
          "Left": 0.7120558023452759,
          "Top": 0.5057483315467834
        },
        "Polygon": [
          {
            "X": 0.7120558023452759,
            "Y": 0.5060132741928101
          },
          {
            "X": 0.7602472901344299,
            "Y": 0.5057483315467834
          },
          {
            "X": 0.7602824568748474,
            "Y": 0.5265099406242371
          },
          {
            "X": 0.7120896577835083,
            "Y": 0.5267714262008667
          }
        ]
      },
      "Id": "1957db5d-6d78-4fdb-9afc-1ee4cdedd066",
      "Page": 1
    },
    {
      "BlockType": "WORD",
      "Confidence": 36.66035461425781,
      "Text": "15-5-15--",
      "TextType": "HANDWRITING",
      "Geometry": {
        "BoundingBox": {
          "Width": 0.2011335790157318,
          "Height": 0.030758867040276527,
          "Left": 0.7905275225639343,
          "Top": 0.49559715390205383
        },
        "Polygon": [
          {
            "X": 0.7905275225639343,
            "Y": 0.4967088997364044
          },
          {
            "X": 0.9916020631790161,
            "Y": 0.49559715390205383
          },
          {
            "X": 0.9916610717773438,
            "Y": 0.5252649784088135
          },
          {
            "X": 0.7905788421630859,
            "Y": 0.526356041431427
          }
        ]
      },
      "Id": "0983a12a-e3a8-47d1-8739-899e610ca3fb",
      "Page": 1
    },
    {
      "BlockType": "WORD",
      "Confidence": 90.84291076660156,
      "Text": "11-99",
      "TextType": "HANDWRITING",
      "Geometry": {
        "BoundingBox": {
          "Width": 0.14561380445957184,
          "Height": 0.03461487963795662,
          "Left": 0.07980272173881531,
          "Top": 0.5515825152397156
        },
        "Polygon": [
          {
            "X": 0.07980272173881531,
            "Y": 0.5523611307144165
          },
          {
            "X": 0.22538237273693085,
            "Y": 0.5515825152397156
          },
          {
            "X": 0.22541652619838715,
            "Y": 0.5854359269142151
          },
          {
            "X": 0.07983055710792542,
            "Y": 0.5861973762512207
          }
        ]
      },
      "Id": "2b8ea09f-461e-4f92-8829-bb81f0b5eecb",
      "Page": 1
    },
    {
      "BlockType": "WORD",
      "Confidence": 97.64827728271484,
      "Text": "+",
      "TextType": "HANDWRITING",
      "Geometry": {
        "BoundingBox": {
          "Width": 0.024383489042520523,
          "Height": 0.014693635515868664,
          "Left": 0.2026374787092209,
          "Top": 0.5332556366920471
        },
        "Polygon": [
          {
            "X": 0.2026374787092209,
            "Y": 0.5333875417709351
          },
          {
            "X": 0.2270062416791916,
            "Y": 0.5332556366920471
          },
          {
            "X": 0.2270209640264511,
            "Y": 0.547818660736084
          },
          {
            "X": 0.2026517391204834,
            "Y": 0.5479493141174316
          }
        ]
      },
      "Id": "e1491009-7f6b-48d3-b83c-fa845f9578ab",
      "Page": 1
    },
    {
      "BlockType": "WORD",
      "Confidence": 56.92741394042969,
      "Text": "MTR",
      "TextType": "HANDWRITING",
      "Geometry": {
        "BoundingBox": {
          "Width": 0.06477950513362885,
          "Height": 0.02549075335264206,
          "Left": 0.28945592045783997,
          "Top": 0.5445075035095215
        },
        "Polygon": [
          {
            "X": 0.28945592045783997,
            "Y": 0.5448552370071411
          },
          {
            "X": 0.3542059063911438,
            "Y": 0.5445075035095215
          },
          {
            "X": 0.3542354106903076,
            "Y": 0.5696561336517334
          },
          {
            "X": 0.28948333859443665,
            "Y": 0.5699982643127441
          }
        ]
      },
      "Id": "fbb5c3d6-5cbc-48c6-83b0-68e05e502a38",
      "Page": 1
    },
    {
      "BlockType": "WORD",
      "Confidence": 94.47843170166016,
      "Text": "+",
      "TextType": "HANDWRITING",
      "Geometry": {
        "BoundingBox": {
          "Width": 0.022978898137807846,
          "Height": 0.0130165359005332,
          "Left": 0.3201610743999481,
          "Top": 0.5334774255752563
        },
        "Polygon": [
          {
            "X": 0.3201610743999481,
            "Y": 0.5336016416549683
          },
          {
            "X": 0.34312501549720764,
            "Y": 0.5334774255752563
          },
          {
            "X": 0.34313997626304626,
            "Y": 0.546370804309845
          },
          {
            "X": 0.3201756477355957,
            "Y": 0.5464939475059509
          }
        ]
      },
      "Id": "74184ed6-044b-4c02-9f10-b8dfbe3b5417",
      "Page": 1
    },
    {
      "BlockType": "WORD",
      "Confidence": 90.751953125,
      "Text": "R",
      "TextType": "HANDWRITING",
      "Geometry": {
        "BoundingBox": {
          "Width": 0.018046677112579346,
          "Height": 0.021685192361474037,
          "Left": 0.42909756302833557,
          "Top": 0.5486751794815063
        },
        "Polygon": [
          {
            "X": 0.42909756302833557,
            "Y": 0.5487716794013977
          },
          {
            "X": 0.44711631536483765,
            "Y": 0.5486751794815063
          },
          {
            "X": 0.4471442401409149,
            "Y": 0.5702652931213379
          },
          {
            "X": 0.42912498116493225,
            "Y": 0.5703603625297546
          }
        ]
      },
      "Id": "fb742772-1ffc-4a61-a9d6-eed2bbf07e80",
      "Page": 1
    },
    {
      "BlockType": "WORD",
      "Confidence": 83.84626007080078,
      "Text": "+",
      "TextType": "HANDWRITING",
      "Geometry": {
        "BoundingBox": {
          "Width": 0.019485512748360634,
          "Height": 0.014872726984322071,
          "Left": 0.44274166226387024,
          "Top": 0.5352321863174438
        },
        "Polygon": [
          {
            "X": 0.44274166226387024,
            "Y": 0.5353373289108276
          },
          {
            "X": 0.4622077941894531,
            "Y": 0.5352321863174438
          },
          {
            "X": 0.4622271955013275,
            "Y": 0.550000786781311
          },
          {
            "X": 0.4427606761455536,
            "Y": 0.5501049160957336
          }
        ]
      },
      "Id": "2dec136d-8997-4203-ac05-fa543eac8d53",
      "Page": 1
    },
    {
      "BlockType": "WORD",
      "Confidence": 19.83657455444336,
      "Text": "P-AdP-15",
      "TextType": "HANDWRITING",
      "Geometry": {
        "BoundingBox": {
          "Width": 0.1572343409061432,
          "Height": 0.03652377426624298,
          "Left": 0.4716658592224121,
          "Top": 0.5379149913787842
        },
        "Polygon": [
          {
            "X": 0.4716658592224121,
            "Y": 0.5387619733810425
          },
          {
            "X": 0.628845751285553,
            "Y": 0.5379149913787842
          },
          {
            "X": 0.6289002299308777,
            "Y": 0.573611319065094
          },
          {
            "X": 0.4717130959033966,
            "Y": 0.5744388103485107
          }
        ]
      },
      "Id": "0fc6dc01-06aa-435d-acee-8552861c0eb0",
      "Page": 1
    },
    {
      "BlockType": "WORD",
      "Confidence": 52.38978958129883,
      "Text": "/V/V",
      "TextType": "HANDWRITING",
      "Geometry": {
        "BoundingBox": {
          "Width": 0.06379517167806625,
          "Height": 0.017919430509209633,
          "Left": 0.8054136633872986,
          "Top": 0.5296387076377869
        },
        "Polygon": [
          {
            "X": 0.8054136633872986,
            "Y": 0.5299838781356812
          },
          {
            "X": 0.8691766262054443,
            "Y": 0.5296387076377869
          },
          {
            "X": 0.869208812713623,
            "Y": 0.5472168922424316
          },
          {
            "X": 0.8054444193840027,
            "Y": 0.5475581288337708
          }
        ]
      },
      "Id": "c6013aed-87cb-4f75-ad90-6c87f78e5b74",
      "Page": 1
    },
    {
      "BlockType": "WORD",
      "Confidence": 56.544960021972656,
      "Text": "IVVV",
      "TextType": "HANDWRITING",
      "Geometry": {
        "BoundingBox": {
          "Width": 0.07706204801797867,
          "Height": 0.020379243418574333,
          "Left": 0.8933731913566589,
          "Top": 0.530742347240448
        },
        "Polygon": [
          {
            "X": 0.8933731913566589,
            "Y": 0.5311588048934937
          },
          {
            "X": 0.9703960418701172,
            "Y": 0.530742347240448
          },
          {
            "X": 0.9704352021217346,
            "Y": 0.5507104396820068
          },
          {
            "X": 0.8934103846549988,
            "Y": 0.5511215925216675
          }
        ]
      },
      "Id": "c8cd17fa-8114-4c24-8b76-5cd9447b3c13",
      "Page": 1
    },
    {
      "BlockType": "WORD",
      "Confidence": 25.22819709777832,
      "Text": "NJSX",
      "TextType": "HANDWRITING",
      "Geometry": {
        "BoundingBox": {
          "Width": 0.08819269388914108,
          "Height": 0.032481104135513306,
          "Left": 0.5998666286468506,
          "Top": 0.5650862455368042
        },
        "Polygon": [
          {
            "X": 0.5998666286468506,
            "Y": 0.5655527114868164
          },
          {
            "X": 0.6880080699920654,
            "Y": 0.5650862455368042
          },
          {
            "X": 0.6880593299865723,
            "Y": 0.5971106290817261
          },
          {
            "X": 0.5999142527580261,
            "Y": 0.5975673198699951
          }
        ]
      },
      "Id": "7c7d927b-273b-46c2-9303-6ec33a144f15",
      "Page": 1
    },
    {
      "BlockType": "WORD",
      "Confidence": 26.230567932128906,
      "Text": "11",
      "TextType": "HANDWRITING",
      "Geometry": {
        "BoundingBox": {
          "Width": 0.038355957716703415,
          "Height": 0.025496013462543488,
          "Left": 0.8181197643280029,
          "Top": 0.5609392523765564
        },
        "Polygon": [
          {
            "X": 0.8181197643280029,
            "Y": 0.5611424446105957
          },
          {
            "X": 0.8564297556877136,
            "Y": 0.5609392523765564
          },
          {
            "X": 0.8564757108688354,
            "Y": 0.5862354040145874
          },
          {
            "X": 0.8181644678115845,
            "Y": 0.5864352583885193
          }
        ]
      },
      "Id": "1bec6d27-9ac2-4627-8aca-b00f19154fe0",
      "Page": 1
    },
    {
      "BlockType": "WORD",
      "Confidence": 97.4168930053711,
      "Text": "them",
      "TextType": "HANDWRITING",
      "Geometry": {
        "BoundingBox": {
          "Width": 0.07104311883449554,
          "Height": 0.022138629108667374,
          "Left": 0.03185965493321419,
          "Top": 0.6096717119216919
        },
        "Polygon": [
          {
            "X": 0.03185965493321419,
            "Y": 0.6100373268127441
          },
          {
            "X": 0.1028842180967331,
            "Y": 0.6096717119216919
          },
          {
            "X": 0.10290277749300003,
            "Y": 0.6314500570297241
          },
          {
            "X": 0.031876228749752045,
            "Y": 0.6318103075027466
          }
        ]
      },
      "Id": "b4f651e1-bfe1-468a-9aee-b4d8c2749ebf",
      "Page": 1
    },
    {
      "BlockType": "WORD",
      "Confidence": 64.40689086914062,
      "Text": "-5-Rlg",
      "TextType": "HANDWRITING",
      "Geometry": {
        "BoundingBox": {
          "Width": 0.10421586036682129,
          "Height": 0.042951058596372604,
          "Left": 0.0711502879858017,
          "Top": 0.6161017417907715
        },
        "Polygon": [
          {
            "X": 0.0711502879858017,
            "Y": 0.6166355609893799
          },
          {
            "X": 0.17532606422901154,
            "Y": 0.6161017417907715
          },
          {
            "X": 0.17536614835262299,
            "Y": 0.6585343480110168
          },
          {
            "X": 0.07118470966815948,
            "Y": 0.6590527892112732
          }
        ]
      },
      "Id": "a30e5196-5555-4e43-a2d7-cab33062161d",
      "Page": 1
    },
    {
      "BlockType": "WORD",
      "Confidence": 17.76793670654297,
      "Text": "R-sn-f-sr",
      "TextType": "HANDWRITING",
      "Geometry": {
        "BoundingBox": {
          "Width": 0.1884334683418274,
          "Height": 0.054347630590200424,
          "Left": 0.22707724571228027,
          "Top": 0.6007519364356995
        },
        "Polygon": [
          {
            "X": 0.22707724571228027,
            "Y": 0.6017264127731323
          },
          {
            "X": 0.4154438376426697,
            "Y": 0.6007519364356995
          },
          {
            "X": 0.41551071405410767,
            "Y": 0.6541600823402405
          },
          {
            "X": 0.2271312177181244,
            "Y": 0.6550995707511902
          }
        ]
      },
      "Id": "46663290-8abd-479f-8523-c76d6f1e435a",
      "Page": 1
    },
    {
      "BlockType": "WORD",
      "Confidence": 45.615234375,
      "Text": "dept",
      "TextType": "HANDWRITING",
      "Geometry": {
        "BoundingBox": {
          "Width": 0.0922999233007431,
          "Height": 0.02824549190700054,
          "Left": 0.4317302107810974,
          "Top": 0.6270948648452759
        },
        "Polygon": [
          {
            "X": 0.4317302107810974,
            "Y": 0.6275635361671448
          },
          {
            "X": 0.5239915251731873,
            "Y": 0.6270948648452759
          },
          {
            "X": 0.5240301489830017,
            "Y": 0.6548806428909302
          },
          {
            "X": 0.4317655861377716,
            "Y": 0.6553403735160828
          }
        ]
      },
      "Id": "6927ab1b-6ec8-48dd-b54a-4b4122c653fe",
      "Page": 1
    },
    {
      "BlockType": "WORD",
      "Confidence": 29.72855567932129,
      "Text": "SFS'R-R'M-MP-",
      "TextType": "HANDWRITING",
      "Geometry": {
        "BoundingBox": {
          "Width": 0.2623347342014313,
          "Height": 0.0388159416615963,
          "Left": 0.5487527251243591,
          "Top": 0.6250969767570496
        },
        "Polygon": [
          {
            "X": 0.5487527251243591,
            "Y": 0.6264297366142273
          },
          {
            "X": 0.8110215067863464,
            "Y": 0.6250969767570496
          },
          {
            "X": 0.8110874891281128,
            "Y": 0.6626144051551819
          },
          {
            "X": 0.5488060712814331,
            "Y": 0.6639129519462585
          }
        ]
      },
      "Id": "e87b7601-ad7f-4999-acbf-7ce24d20a77d",
      "Page": 1
    },
    {
      "BlockType": "WORD",
      "Confidence": 94.40369415283203,
      "Text": "+",
      "TextType": "HANDWRITING",
      "Geometry": {
        "BoundingBox": {
          "Width": 0.03284987434744835,
          "Height": 0.024630041792988777,
          "Left": 0.36556488275527954,
          "Top": 0.5986911654472351
        },
        "Polygon": [
          {
            "X": 0.36556488275527954,
            "Y": 0.5988612174987793
          },
          {
            "X": 0.3983846604824066,
            "Y": 0.5986911654472351
          },
          {
            "X": 0.3984147608280182,
            "Y": 0.6231539845466614
          },
          {
            "X": 0.36559396982192993,
            "Y": 0.6233211755752563
          }
        ]
      },
      "Id": "7cc92ce6-75f6-43d2-8413-d05ff8fe98cd",
      "Page": 1
    },
    {
      "BlockType": "WORD",
      "Confidence": 47.40513229370117,
      "Text": "p-d",
      "TextType": "HANDWRITING",
      "Geometry": {
        "BoundingBox": {
          "Width": 0.06085057929158211,
          "Height": 0.03147410228848457,
          "Left": 0.46030139923095703,
          "Top": 0.5999131202697754
        },
        "Polygon": [
          {
            "X": 0.46030139923095703,
            "Y": 0.6002277731895447
          },
          {
            "X": 0.5211087465286255,
            "Y": 0.5999131202697754
          },
          {
            "X": 0.5211519598960876,
            "Y": 0.6310791373252869
          },
          {
            "X": 0.4603421986103058,
            "Y": 0.6313872337341309
          }
        ]
      },
      "Id": "4f92b941-daac-4573-a824-8f9ee5951543",
      "Page": 1
    },
    {
      "BlockType": "WORD",
      "Confidence": 35.081512451171875,
      "Text": "/X",
      "TextType": "HANDWRITING",
      "Geometry": {
        "BoundingBox": {
          "Width": 0.04825729504227638,
          "Height": 0.025586068630218506,
          "Left": 0.029440583661198616,
          "Top": 0.6671167016029358
        },
        "Polygon": [
          {
            "X": 0.029440583661198616,
            "Y": 0.6673553586006165
          },
          {
            "X": 0.07767709344625473,
            "Y": 0.6671167016029358
          },
          {
            "X": 0.07769788056612015,
            "Y": 0.6924683451652527
          },
          {
            "X": 0.029459800571203232,
            "Y": 0.6927027702331543
          }
        ]
      },
      "Id": "ebbc14ce-a02c-4958-8a2e-bf4bbb9c7a27",
      "Page": 1
    },
    {
      "BlockType": "WORD",
      "Confidence": 15.906010627746582,
      "Text": "m pd pls",
      "TextType": "HANDWRITING",
      "Geometry": {
        "BoundingBox": {
          "Width": 0.1450457125902176,
          "Height": 0.044296521693468094,
          "Left": 0.10819205641746521,
          "Top": 0.6579663753509521
        },
        "Polygon": [
          {
            "X": 0.10819205641746521,
            "Y": 0.6586880087852478
          },
          {
            "X": 0.2531922459602356,
            "Y": 0.6579663753509521
          },
          {
            "X": 0.2532377541065216,
            "Y": 0.70156329870224
          },
          {
            "X": 0.10822948068380356,
            "Y": 0.7022628784179688
          }
        ]
      },
      "Id": "16efcd89-9d5e-4b21-9eab-e8ad2134ed80",
      "Page": 1
    },
    {
      "BlockType": "WORD",
      "Confidence": 53.85463333129883,
      "Text": "S",
      "TextType": "HANDWRITING",
      "Geometry": {
        "BoundingBox": {
          "Width": 0.020434945821762085,
          "Height": 0.024894600734114647,
          "Left": 0.29212018847465515,
          "Top": 0.6685885190963745
        },
        "Polygon": [
          {
            "X": 0.29212018847465515,
            "Y": 0.6686893105506897
          },
          {
            "X": 0.3125273585319519,
            "Y": 0.6685885190963745
          },
          {
            "X": 0.31255513429641724,
            "Y": 0.6933841109275818
          },
          {
            "X": 0.29214730858802795,
            "Y": 0.6934831142425537
          }
        ]
      },
      "Id": "5a887401-6b4c-4085-87cf-fe084d5c863b",
      "Page": 1
    },
    {
      "BlockType": "WORD",
      "Confidence": 56.01921081542969,
      "Text": "-11",
      "TextType": "HANDWRITING",
      "Geometry": {
        "BoundingBox": {
          "Width": 0.04445614665746689,
          "Height": 0.02204178273677826,
          "Left": 0.3566261827945709,
          "Top": 0.6769705414772034
        },
        "Polygon": [
          {
            "X": 0.3566261827945709,
            "Y": 0.6771886348724365
          },
          {
            "X": 0.4010554254055023,
            "Y": 0.6769705414772034
          },
          {
            "X": 0.4010823369026184,
            "Y": 0.6987976431846619
          },
          {
            "X": 0.3566518723964691,
            "Y": 0.6990123391151428
          }
        ]
      },
      "Id": "4a252184-ef1f-4fc3-848f-c0174a6ff2fb",
      "Page": 1
    },
    {
      "BlockType": "WORD",
      "Confidence": 89.2663803100586,
      "Text": "P",
      "TextType": "HANDWRITING",
      "Geometry": {
        "BoundingBox": {
          "Width": 0.020583733916282654,
          "Height": 0.019416645169258118,
          "Left": 0.2641276717185974,
          "Top": 0.7062732577323914
        },
        "Polygon": [
          {
            "X": 0.2641276717185974,
            "Y": 0.706372082233429
          },
          {
            "X": 0.2846904397010803,
            "Y": 0.7062732577323914
          },
          {
            "X": 0.28471142053604126,
            "Y": 0.7255924344062805
          },
          {
            "X": 0.26414811611175537,
            "Y": 0.7256898880004883
          }
        ]
      },
      "Id": "b6bf56d9-bf5c-4e87-a585-0f5caf22db34",
      "Page": 1
    },
    {
      "BlockType": "WORD",
      "Confidence": 69.2918701171875,
      "Text": "sndp",
      "TextType": "HANDWRITING",
      "Geometry": {
        "BoundingBox": {
          "Width": 0.17648230493068695,
          "Height": 0.04025720804929733,
          "Left": 0.3442683815956116,
          "Top": 0.6953650116920471
        },
        "Polygon": [
          {
            "X": 0.3442683815956116,
            "Y": 0.696219265460968
          },
          {
            "X": 0.5206960439682007,
            "Y": 0.6953650116920471
          },
          {
            "X": 0.5207507014274597,
            "Y": 0.7347922325134277
          },
          {
            "X": 0.3443141281604767,
            "Y": 0.735622227191925
          }
        ]
      },
      "Id": "d37b683c-3630-4499-9b2b-c263eb06a18b",
      "Page": 1
    },
    {
      "BlockType": "WORD",
      "Confidence": 20.331632614135742,
      "Text": "midi-154x",
      "TextType": "HANDWRITING",
      "Geometry": {
        "BoundingBox": {
          "Width": 0.19602210819721222,
          "Height": 0.04563605785369873,
          "Left": 0.5745766758918762,
          "Top": 0.6940751075744629
        },
        "Polygon": [
          {
            "X": 0.5745766758918762,
            "Y": 0.6950238943099976
          },
          {
            "X": 0.7705224752426147,
            "Y": 0.6940751075744629
          },
          {
            "X": 0.7705987691879272,
            "Y": 0.738792896270752
          },
          {
            "X": 0.5746417045593262,
            "Y": 0.7397111654281616
          }
        ]
      },
      "Id": "d78517d4-03d9-429f-b4c5-710caef367a5",
      "Page": 1
    }
  ],
  "DetectDocumentTextModelVersion": "1.0"
}