{
  "DocumentMetadata": {
    "Pages": 1
  },
  "JobStatus": "SUCCEEDED",
  "Blocks": [
    {
      "BlockType": "PAGE",
      "Geometry": {
        "BoundingBox": {
          "Width": 0.9917961359024048,
          "Height": 0.756808340549469,
          "Left": 0.0018534454284235835,
          "Top": 0.016753358766436577
        },
        "Polygon": [
          {
            "X": 0.0018534454284235835,
            "Y": 0.023878997191786766
          },
          {
            "X": 0.9921515583992004,
            "Y": 0.016753358766436577
          },
          {
            "X": 0.9936496019363403,
            "Y": 0.7690243721008301
          },
          {
            "X": 0.002395782619714737,
            "Y": 0.7735617160797119
          }
        ]
      },
      "Id": "9cdb1fe7-2849-47ed-9b9f-3856d1045546",
      "Relationships": [
        {
          "Type": "CHILD",
          "Ids": [
            "222edc3b-bbe3-4e07-ac63-916b8ac021a5",
            "17c90b8f-2554-4f3c-b3e8-7ae92fb0dadd",
            "c6640681-3a5a-48a9-bae3-7da14951a7d7",
            "ec900fa0-4a27-4050-93cb-aaf9309ac581",
            "86fcf907-2a21-4c7b-965c-04ad7cce8c92",
            "ded4f140-aba2-456b-8b75-80c10ad20580",
            "7bb098d2-e5ba-4310-b2e0-b5b059ded4ee",
            "04749c13-e1f9-40e7-9bed-c5ca13ff059a",
            "05ef1ff4-84a9-4195-b2f9-d4423770db41",
            "41b5cc40-42bd-43cc-a486-91254127167b",
            "b4a2bcd8-8e16-4c64-a2a2-c2e50b45a334",
            "ea69355c-cb82-452a-8ede-2cb3ffc3ecf7",
            "f6088e5b-5911-4c55-b27d-789eb6de0f25",
            "05094257-6e78-4bc3-aabb-67b026487a7a",
            "2ebf5705-790b-4b22-ab04-37aee98d4699",
            "89052960-a8be-4adf-8a8c-8a4883fd56ea",
            "05a59e42-2488-43a6-8e76-104f02cfafce",
            "82532d7a-9bb2-47d3-8cbd-126995df7a05",
            "222e382d-fd2d-4a3e-bd45-7b87881e78ae",
            "fe22f19c-67b2-4028-b83b-09fb7c16ec2f",
            "1810470a-9433-472d-abae-cbd895011e97",
            "65812598-f7a6-4dc8-9c72-dd700b7d971e",
            "55136ef7-1532-44c6-86bc-2f5dd70aff65",
            "ee7857a7-b772-4eaf-87ee-3e12bdd62ae1",
            "7d943b4f-1ddb-4970-a154-bdc1771c0ac0"
          ]
        }
      ],
      "Page": 1
    },
    {
      "BlockType": "LINE",
      "Confidence": 84.19390106201172,
      "Text": "Shuddha Todi Summer",
      "Geometry": {
        "BoundingBox": {
          "Width": 0.28205999732017517,
          "Height": 0.026869460940361023,
          "Left": 0.613184928894043,
          "Top": 0.03409825637936592
        },
        "Polygon": [
          {
            "X": 0.613184928894043,
            "Y": 0.036111123859882355
          },
          {
            "X": 0.8951985239982605,
            "Y": 0.03409825637936592
          },
          {
            "X": 0.8952449560165405,
            "Y": 0.05897921323776245
          },
          {
            "X": 0.6132223606109619,
            "Y": 0.060967717319726944
          }
        ]
      },
      "Id": "222edc3b-bbe3-4e07-ac63-916b8ac021a5",
      "Relationships": [
        {
          "Type": "CHILD",
          "Ids": [
            "f274d01c-e0fb-4c6f-99af-a5015ffac899",
            "a1234eb2-46b9-46bc-b830-ee0e25b97e0a",
            "81e4c865-e30d-4aea-9925-d33eaae8d611"
          ]
        }
      ],
      "Page": 1
    },
    {
      "BlockType": "LINE",
      "Confidence": 67.75595092773438,
      "Text": "SAPBSSSIPPPPP DDD Int Inst n-nd-dpp 89",
      "Geometry": {
        "BoundingBox": {
          "Width": 0.8743389248847961,
          "Height": 0.06217951327562332,
          "Left": 0.06063028424978256,
          "Top": 0.0545828752219677
        },
        "Polygon": [
          {
            "X": 0.06063028424978256,
            "Y": 0.060759495943784714
          },
          {
            "X": 0.9348614811897278,
            "Y": 0.0545828752219677
          },
          {
            "X": 0.9349691867828369,
            "Y": 0.1107562780380249
          },
          {
            "X": 0.060675010085105896,
            "Y": 0.11676239222288132
          }
        ]
      },
      "Id": "17c90b8f-2554-4f3c-b3e8-7ae92fb0dadd",
      "Relationships": [
        {
          "Type": "CHILD",
          "Ids": [
            "a2b043e2-91dd-4d2f-b19f-fbc0174617c6",
            "4b6b6fe1-543e-485a-a348-bd7b80e12793",
            "d4b888f9-2666-4672-824a-bd09d46b87f9",
            "b792041e-74aa-4caa-b25f-0804fb84e13b",
            "20ea0ed5-0e9c-456d-ab2d-71dc66b134d8"
          ]
        }
      ],
      "Page": 1
    },
    {
      "BlockType": "LINE",
      "Confidence": 19.686304092407227,
      "Text": "m-mp-p'pp",
      "Geometry": {
        "BoundingBox": {
          "Width": 0.1658431589603424,
          "Height": 0.02514716051518917,
          "Left": 0.6186368465423584,
          "Top": 0.11491524428129196
        },
        "Polygon": [
          {
            "X": 0.6186368465423584,
            "Y": 0.11605244129896164
          },
          {
            "X": 0.7844385504722595,
            "Y": 0.11491524428129196
          },
          {
            "X": 0.7844799757003784,
            "Y": 0.1389390379190445
          },
          {
            "X": 0.6186731457710266,
            "Y": 0.14006240665912628
          }
        ]
      },
      "Id": "c6640681-3a5a-48a9-bae3-7da14951a7d7",
      "Relationships": [
        {
          "Type": "CHILD",
          "Ids": [
            "44b5e594-db22-4248-9b6a-0fdd91f000e3"
          ]
        }
      ],
      "Page": 1
    },
    {
      "BlockType": "LINE",
      "Confidence": 64.91455078125,
      "Text": "Shalla out",
      "Geometry": {
        "BoundingBox": {
          "Width": 0.2775866687297821,
          "Height": 0.027477391064167023,
          "Left": 0.017720239236950874,
          "Top": 0.3046136498451233
        },
        "Polygon": [
          {
            "X": 0.017720239236950874,
            "Y": 0.306336909532547
          },
          {
            "X": 0.2952786087989807,
            "Y": 0.3046136498451233
          },
          {
            "X": 0.295306921005249,
            "Y": 0.33039265871047974
          },
          {
            "X": 0.01773938722908497,
            "Y": 0.3320910334587097
          }
        ]
      },
      "Id": "ec900fa0-4a27-4050-93cb-aaf9309ac581",
      "Relationships": [
        {
          "Type": "CHILD",
          "Ids": [
            "45546462-05cc-4bdb-bb8c-28ab4a7da95f",
            "6d41b199-1a7b-4d70-9086-95d6e006e827"
          ]
        }
      ],
      "Page": 1
    },
    {
      "BlockType": "LINE",
      "Confidence": 35.88704299926758,
      "Text": "INW 203 P/P3/11",
      "Geometry": {
        "BoundingBox": {
          "Width": 0.4262368381023407,
          "Height": 0.04032803326845169,
          "Left": 0.1340995877981186,
          "Top": 0.3536989092826843
        },
        "Polygon": [
          {
            "X": 0.1340995877981186,
            "Y": 0.35626959800720215
          },
          {
            "X": 0.5602820515632629,
            "Y": 0.3536989092826843
          },
          {
            "X": 0.5603364109992981,
            "Y": 0.39151233434677124
          },
          {
            "X": 0.13413327932357788,
            "Y": 0.3940269649028778
          }
        ]
      },
      "Id": "86fcf907-2a21-4c7b-965c-04ad7cce8c92",
      "Relationships": [
        {
          "Type": "CHILD",
          "Ids": [
            "dbd9523c-3588-4771-9a86-2156d21f6e08",
            "06fb268d-655c-4415-969d-f88572d2927d",
            "f4852737-fc56-4ebf-810b-c7f6c52924c7"
          ]
        }
      ],
      "Page": 1
    },
    {
      "BlockType": "LINE",
      "Confidence": 64.01335144042969,
      "Text": "+203",
      "Geometry": {
        "BoundingBox": {
          "Width": 0.13308347761631012,
          "Height": 0.026663651689887047,
          "Left": 0.7999189496040344,
          "Top": 0.37609079480171204
        },
        "Polygon": [
          {
            "X": 0.7999189496040344,
            "Y": 0.37688183784484863
          },
          {
            "X": 0.932952880859375,
            "Y": 0.37609079480171204
          },
          {
            "X": 0.9330024123191833,
            "Y": 0.4019753932952881
          },
          {
            "X": 0.7999640703201294,
            "Y": 0.40275445580482483
          }
        ]
      },
      "Id": "ded4f140-aba2-456b-8b75-80c10ad20580",
      "Relationships": [
        {
          "Type": "CHILD",
          "Ids": [
            "5d4d601d-a611-4c80-b6d6-e992988779fb"
          ]
        }
      ],
      "Page": 1
    },
    {
      "BlockType": "LINE",
      "Confidence": 76.32085418701172,
      "Text": "IP-D-",
      "Geometry": {
        "BoundingBox": {
          "Width": 0.09317918121814728,
          "Height": 0.021567078307271004,
          "Left": 0.4561850428581238,
          "Top": 0.4098908603191376
        },
        "Polygon": [
          {
            "X": 0.4561850428581238,
            "Y": 0.4104344844818115
          },
          {
            "X": 0.5493342876434326,
            "Y": 0.4098908603191376
          },
          {
            "X": 0.5493642091751099,
            "Y": 0.43092110753059387
          },
          {
            "X": 0.45621246099472046,
            "Y": 0.4314579367637634
          }
        ]
      },
      "Id": "7bb098d2-e5ba-4310-b2e0-b5b059ded4ee",
      "Relationships": [
        {
          "Type": "CHILD",
          "Ids": [
            "fd309e93-7ae5-4b38-97c2-f8d5582e3373"
          ]
        }
      ],
      "Page": 1
    },
    {
      "BlockType": "LINE",
      "Confidence": 94.45471954345703,
      "Text": "+",
      "Geometry": {
        "BoundingBox": {
          "Width": 0.01920165680348873,
          "Height": 0.015877293422818184,
          "Left": 0.7811604738235474,
          "Top": 0.43236538767814636
        },
        "Polygon": [
          {
            "X": 0.7811604738235474,
            "Y": 0.4324756860733032
          },
          {
            "X": 0.800334632396698,
            "Y": 0.43236538767814636
          },
          {
            "X": 0.8003621697425842,
            "Y": 0.4481334388256073
          },
          {
            "X": 0.7811876535415649,
            "Y": 0.4482426941394806
          }
        ]
      },
      "Id": "04749c13-e1f9-40e7-9bed-c5ca13ff059a",
      "Relationships": [
        {
          "Type": "CHILD",
          "Ids": [
            "14ef600f-5f17-44b8-9a5f-1fedbbcee353"
          ]
        }
      ],
      "Page": 1
    },
    {
      "BlockType": "LINE",
      "Confidence": 78.31413269042969,
      "Text": "11:",
      "Geometry": {
        "BoundingBox": {
          "Width": 0.028522294014692307,
          "Height": 0.02202621102333069,
          "Left": 0.04996743053197861,
          "Top": 0.4560629427433014
        },
        "Polygon": [
          {
            "X": 0.04996743053197861,
            "Y": 0.4562249779701233
          },
          {
            "X": 0.07847177237272263,
            "Y": 0.4560629427433014
          },
          {
            "X": 0.07848972827196121,
            "Y": 0.4779292941093445
          },
          {
            "X": 0.049984585493803024,
            "Y": 0.4780891537666321
          }
        ]
      },
      "Id": "05ef1ff4-84a9-4195-b2f9-d4423770db41",
      "Relationships": [
        {
          "Type": "CHILD",
          "Ids": [
            "873b6d7c-60d4-4571-98fb-aea76e6c162c"
          ]
        }
      ],
      "Page": 1
    },
    {
      "BlockType": "LINE",
      "Confidence": 57.30747604370117,
      "Text": "1",
      "Geometry": {
        "BoundingBox": {
          "Width": 0.007038770709186792,
          "Height": 0.022427940741181374,
          "Left": 0.48290151357650757,
          "Top": 0.4547864496707916
        },
        "Polygon": [
          {
            "X": 0.48290151357650757,
            "Y": 0.4548262655735016
          },
          {
            "X": 0.4899100959300995,
            "Y": 0.4547864496707916
          },
          {
            "X": 0.4899402856826782,
            "Y": 0.47717511653900146
          },
          {
            "X": 0.4829314649105072,
            "Y": 0.47721439599990845
          }
        ]
      },
      "Id": "41b5cc40-42bd-43cc-a486-91254127167b",
      "Relationships": [
        {
          "Type": "CHILD",
          "Ids": [
            "75dcf886-e548-45a5-b962-d2019491be66"
          ]
        }
      ],
      "Page": 1
    },
    {
      "BlockType": "LINE",
      "Confidence": 53.25434112548828,
      "Text": "n-d",
      "Geometry": {
        "BoundingBox": {
          "Width": 0.04748513177037239,
          "Height": 0.01652347482740879,
          "Left": 0.7902489304542542,
          "Top": 0.44695502519607544
        },
        "Polygon": [
          {
            "X": 0.7902489304542542,
            "Y": 0.44722557067871094
          },
          {
            "X": 0.8377049565315247,
            "Y": 0.44695502519607544
          },
          {
            "X": 0.8377341032028198,
            "Y": 0.4632106125354767
          },
          {
            "X": 0.7902770638465881,
            "Y": 0.4634784758090973
          }
        ]
      },
      "Id": "b4a2bcd8-8e16-4c64-a2a2-c2e50b45a334",
      "Relationships": [
        {
          "Type": "CHILD",
          "Ids": [
            "b74a9556-219f-434e-a186-cb73cd336b04"
          ]
        }
      ],
      "Page": 1
    },
    {
      "BlockType": "LINE",
      "Confidence": 13.731365203857422,
      "Text": "\"art",
      "Geometry": {
        "BoundingBox": {
          "Width": 0.04320850223302841,
          "Height": 0.027877697721123695,
          "Left": 0.8486310243606567,
          "Top": 0.4360917806625366
        },
        "Polygon": [
          {
            "X": 0.8486310243606567,
            "Y": 0.43633943796157837
          },
          {
            "X": 0.8917880654335022,
            "Y": 0.4360917806625366
          },
          {
            "X": 0.8918395042419434,
            "Y": 0.4637259840965271
          },
          {
            "X": 0.8486809134483337,
            "Y": 0.46396949887275696
          }
        ]
      },
      "Id": "ea69355c-cb82-452a-8ede-2cb3ffc3ecf7",
      "Relationships": [
        {
          "Type": "CHILD",
          "Ids": [
            "334b5f92-b583-4c51-925c-7d9d8affe62a"
          ]
        }
      ],
      "Page": 1
    },
    {
      "BlockType": "LINE",
      "Confidence": 61.96189498901367,
      "Text": "Be",
      "Geometry": {
        "BoundingBox": {
          "Width": 0.0289545189589262,
          "Height": 0.018978197127580643,
          "Left": 0.8506711721420288,
          "Top": 0.4358923137187958
        },
        "Polygon": [
          {
            "X": 0.8506711721420288,
            "Y": 0.43605828285217285
          },
          {
            "X": 0.8795909285545349,
            "Y": 0.4358923137187958
          },
          {
            "X": 0.879625678062439,
            "Y": 0.45470643043518066
          },
          {
            "X": 0.8507052063941956,
            "Y": 0.4548705220222473
          }
        ]
      },
      "Id": "f6088e5b-5911-4c55-b27d-789eb6de0f25",
      "Relationships": [
        {
          "Type": "CHILD",
          "Ids": [
            "9d20c97a-ed32-4a30-9ab6-43b19ccfe7de"
          ]
        }
      ],
      "Page": 1
    },
    {
      "BlockType": "LINE",
      "Confidence": 15.220224380493164,
      "Text": "ip p/",
      "Geometry": {
        "BoundingBox": {
          "Width": 0.06814371794462204,
          "Height": 0.03601076826453209,
          "Left": 0.9100349545478821,
          "Top": 0.43477174639701843
        },
        "Polygon": [
          {
            "X": 0.9100349545478821,
            "Y": 0.4351625442504883
          },
          {
            "X": 0.9781084060668945,
            "Y": 0.43477174639701843
          },
          {
            "X": 0.9781786799430847,
            "Y": 0.4704001247882843
          },
          {
            "X": 0.9101020693778992,
            "Y": 0.4707825183868408
          }
        ]
      },
      "Id": "05094257-6e78-4bc3-aabb-67b026487a7a",
      "Relationships": [
        {
          "Type": "CHILD",
          "Ids": [
            "cf3bc89f-6afd-45f9-bfaa-73171b6ff20c"
          ]
        }
      ],
      "Page": 1
    },
    {
      "BlockType": "LINE",
      "Confidence": 94.96990203857422,
      "Text": "?",
      "Geometry": {
        "BoundingBox": {
          "Width": 0.014919945038855076,
          "Height": 0.019473016262054443,
          "Left": 0.8110436201095581,
          "Top": 0.46596473455429077
        },
        "Polygon": [
          {
            "X": 0.8110436201095581,
            "Y": 0.46604859828948975
          },
          {
            "X": 0.8259291052818298,
            "Y": 0.46596473455429077
          },
          {
            "X": 0.82596355676651,
            "Y": 0.48535487055778503
          },
          {
            "X": 0.8110777139663696,
            "Y": 0.4854377508163452
          }
        ]
      },
      "Id": "2ebf5705-790b-4b22-ab04-37aee98d4699",
      "Relationships": [
        {
          "Type": "CHILD",
          "Ids": [
            "38714583-ca0a-434b-b950-a32bc05aa508"
          ]
        }
      ],
      "Page": 1
    },
    {
      "BlockType": "LINE",
      "Confidence": 24.396326065063477,
      "Text": "S5",
      "Geometry": {
        "BoundingBox": {
          "Width": 0.030290456488728523,
          "Height": 0.012182451784610748,
          "Left": 0.17208252847194672,
          "Top": 0.484454482793808
        },
        "Polygon": [
          {
            "X": 0.17208252847194672,
            "Y": 0.484623521566391
          },
          {
            "X": 0.20236122608184814,
            "Y": 0.484454482793808
          },
          {
            "X": 0.2023729830980301,
            "Y": 0.4964691400527954
          },
          {
            "X": 0.17209383845329285,
            "Y": 0.49663692712783813
          }
        ]
      },
      "Id": "89052960-a8be-4adf-8a8c-8a4883fd56ea",
      "Relationships": [
        {
          "Type": "CHILD",
          "Ids": [
            "d66ff752-25f6-49c1-9e5f-f39589abc4c9"
          ]
        }
      ],
      "Page": 1
    },
    {
      "BlockType": "LINE",
      "Confidence": 55.82169723510742,
      "Text": "11:m 1-M 2x P 2x 0 1% d-p- 15 + IW 8X 15-5-15--",
      "Geometry": {
        "BoundingBox": {
          "Width": 0.9373255372047424,
          "Height": 0.06478910148143768,
          "Left": 0.05435792729258537,
          "Top": 0.47677916288375854
        },
        "Polygon": [
          {
            "X": 0.05435792729258537,
            "Y": 0.48202234506607056
          },
          {
            "X": 0.9915646314620972,
            "Y": 0.47677916288375854
          },
          {
            "X": 0.9916834831237793,
            "Y": 0.5365195274353027
          },
          {
            "X": 0.05440497770905495,
            "Y": 0.5415682792663574
          }
        ]
      },
      "Id": "05a59e42-2488-43a6-8e76-104f02cfafce",
      "Relationships": [
        {
          "Type": "CHILD",
          "Ids": [
            "4d416ef4-e926-4840-b162-e24343727240",
            "e8318d7c-bd31-411f-b9f9-7751bd3028ca",
            "25f562fa-1765-49ce-a309-003cb352d3f7",
            "dd80e3a9-68b1-40b3-a0c7-bf322e5a6d60",
            "9c05073d-a866-4bc3-9212-57d4906e1eb4",
            "a33f63e2-9279-4742-9958-8f85fa09aa74",
            "fe306aab-f600-4f2b-929d-c0665d415ed4",
            "45ca127f-3a5f-44a7-99f4-5f73ba1ff696",
            "21c09952-cb3b-4aa2-b1e3-356490c43809",
            "d973d2fc-9660-4f6d-9bbc-6731f4b3ad82",
            "eaf3a66f-5e1b-4801-954d-5289e6e73259"
          ]
        }
      ],
      "Page": 1
    },
    {
      "BlockType": "LINE",
      "Confidence": 76.33311462402344,
      "Text": "11-99 + MTR + R + P-AdP-15",
      "Geometry": {
        "BoundingBox": {
          "Width": 0.5491273403167725,
          "Height": 0.05511657893657684,
          "Left": 0.07978765666484833,
          "Top": 0.5310807824134827
        },
        "Polygon": [
          {
            "X": 0.07978765666484833,
            "Y": 0.5340524315834045
          },
          {
            "X": 0.6288353204727173,
            "Y": 0.5310807824134827
          },
          {
            "X": 0.628915011882782,
            "Y": 0.5833255052566528
          },
          {
            "X": 0.07983055710792542,
            "Y": 0.5861973762512207
          }
        ]
      },
      "Id": "82532d7a-9bb2-47d3-8cbd-126995df7a05",
      "Relationships": [
        {
          "Type": "CHILD",
          "Ids": [
            "b0ab2be3-a601-4bcc-b512-4370ee44d658",
            "0823011a-9d79-4bd7-93b2-1e741f16eae8",
            "6e15baf9-0b24-4255-9407-cab3a334a3eb",
            "221cca07-3c17-4e49-87b2-9b2dd0f14b06",
            "6800d7aa-8fa6-477e-98eb-3901e3cedc66",
            "6485602d-ed27-4e7c-9972-eb84f8bc9c8c",
            "1e5872f9-275d-4d6b-a5ea-8d1a2b16c10e"
          ]
        }
      ],
      "Page": 1
    },
    {
      "BlockType": "LINE",
      "Confidence": 54.46737289428711,
      "Text": "/V/V IVVV",
      "Geometry": {
        "BoundingBox": {
          "Width": 0.16502155363559723,
          "Height": 0.02250020019710064,
          "Left": 0.8054136633872986,
          "Top": 0.5290908217430115
        },
        "Polygon": [
          {
            "X": 0.8054136633872986,
            "Y": 0.5299838185310364
          },
          {
            "X": 0.9703927636146545,
            "Y": 0.5290908217430115
          },
          {
            "X": 0.9704352021217346,
            "Y": 0.5507104396820068
          },
          {
            "X": 0.805451512336731,
            "Y": 0.5515910387039185
          }
        ]
      },
      "Id": "222e382d-fd2d-4a3e-bd45-7b87881e78ae",
      "Relationships": [
        {
          "Type": "CHILD",
          "Ids": [
            "3e9a8544-63aa-40c4-b70b-139157ca9b06",
            "5aaa11d7-5b46-440c-9eea-556f4f790aa2"
          ]
        }
      ],
      "Page": 1
    },
    {
      "BlockType": "LINE",
      "Confidence": 25.22819709777832,
      "Text": "NJSX",
      "Geometry": {
        "BoundingBox": {
          "Width": 0.08819269388914108,
          "Height": 0.032481104135513306,
          "Left": 0.5998666286468506,
          "Top": 0.5650861859321594
        },
        "Polygon": [
          {
            "X": 0.5998666286468506,
            "Y": 0.5655527114868164
          },
          {
            "X": 0.6880080699920654,
            "Y": 0.5650861859321594
          },
          {
            "X": 0.6880593299865723,
            "Y": 0.5971106290817261
          },
          {
            "X": 0.5999142527580261,
            "Y": 0.5975673198699951
          }
        ]
      },
      "Id": "fe22f19c-67b2-4028-b83b-09fb7c16ec2f",
      "Relationships": [
        {
          "Type": "CHILD",
          "Ids": [
            "5fc630f4-6e69-464a-968b-7b8ac5b219b1"
          ]
        }
      ],
      "Page": 1
    },
    {
      "BlockType": "LINE",
      "Confidence": 26.230567932128906,
      "Text": "11",
      "Geometry": {
        "BoundingBox": {
          "Width": 0.038355957716703415,
          "Height": 0.025496013462543488,
          "Left": 0.8181197643280029,
          "Top": 0.5609391927719116
        },
        "Polygon": [
          {
            "X": 0.8181197643280029,
            "Y": 0.5611424446105957
          },
          {
            "X": 0.8564297556877136,
            "Y": 0.5609391927719116
          },
          {
            "X": 0.8564757108688354,
            "Y": 0.5862354040145874
          },
          {
            "X": 0.8181644678115845,
            "Y": 0.5864352583885193
          }
        ]
      },
      "Id": "1810470a-9433-472d-abae-cbd895011e97",
      "Relationships": [
        {
          "Type": "CHILD",
          "Ids": [
            "e64b4f3f-cb08-41e4-a310-9856190d6189"
          ]
        }
      ],
      "Page": 1
    },
    {
      "BlockType": "LINE",
      "Confidence": 50.987098693847656,
      "Text": "them -5-Rlg R-sn-f-sr dept SFS'R-R'M-MP-",
      "Geometry": {
        "BoundingBox": {
          "Width": 0.7792333364486694,
          "Height": 0.06776636093854904,
          "Left": 0.03185409680008888,
          "Top": 0.5987056493759155
        },
        "Polygon": [
          {
            "X": 0.03185409680008888,
            "Y": 0.6027363538742065
          },
          {
            "X": 0.8109751343727112,
            "Y": 0.5987056493759155
          },
          {
            "X": 0.8110874891281128,
            "Y": 0.6626144051551819
          },
          {
            "X": 0.03190261870622635,
            "Y": 0.6664720177650452
          }
        ]
      },
      "Id": "65812598-f7a6-4dc8-9c72-dd700b7d971e",
      "Relationships": [
        {
          "Type": "CHILD",
          "Ids": [
            "26b4d291-5d37-4733-905a-766ffc1ed115",
            "1e4dc280-3351-46c7-a395-337d68545a08",
            "d83926d6-8a08-4cc0-ae48-3d7c7f3d9eaf",
            "8fb1e364-0a9f-4283-8dfb-aaafdb4252ff",
            "773c56d0-af5d-4c0d-afe3-71861dde8571"
          ]
        }
      ],
      "Page": 1
    },
    {
      "BlockType": "LINE",
      "Confidence": 70.9044189453125,
      "Text": "+ p-d",
      "Geometry": {
        "BoundingBox": {
          "Width": 0.1555870771408081,
          "Height": 0.0338117815554142,
          "Left": 0.36556488275527954,
          "Top": 0.5980553030967712
        },
        "Polygon": [
          {
            "X": 0.36556488275527954,
            "Y": 0.5988611578941345
          },
          {
            "X": 0.5211061835289001,
            "Y": 0.5980553030967712
          },
          {
            "X": 0.5211519598960876,
            "Y": 0.6310791373252869
          },
          {
            "X": 0.36560410261154175,
            "Y": 0.6318671107292175
          }
        ]
      },
      "Id": "55136ef7-1532-44c6-86bc-2f5dd70aff65",
      "Relationships": [
        {
          "Type": "CHILD",
          "Ids": [
            "7c137708-d020-49c7-a018-f0d18033cb5b",
            "84387f8d-9267-4b93-9b7a-80c5c5a15325"
          ]
        }
      ],
      "Page": 1
    },
    {
      "BlockType": "LINE",
      "Confidence": 40.2153434753418,
      "Text": "/X m pd pls S -11",
      "Geometry": {
        "BoundingBox": {
          "Width": 0.3716505765914917,
          "Height": 0.04541226476430893,
          "Left": 0.029434310272336006,
          "Top": 0.6572306156158447
        },
        "Polygon": [
          {
            "X": 0.029434310272336006,
            "Y": 0.659079909324646
          },
          {
            "X": 0.4010310769081116,
            "Y": 0.6572306156158447
          },
          {
            "X": 0.40108487010002136,
            "Y": 0.7008499503135681
          },
          {
            "X": 0.02946733683347702,
            "Y": 0.7026428580284119
          }
        ]
      },
      "Id": "ee7857a7-b772-4eaf-87ee-3e12bdd62ae1",
      "Relationships": [
        {
          "Type": "CHILD",
          "Ids": [
            "99ac73cc-5f25-4459-8c0a-65819a04a1e9",
            "2e7e3eea-701a-487c-91c5-2318261d8f61",
            "d6079908-95f1-4954-a1bb-2e7f123f75e5",
            "98fa0027-d4a4-4201-874b-da98d1d01276"
          ]
        }
      ],
      "Page": 1
    },
    {
      "BlockType": "LINE",
      "Confidence": 59.629966735839844,
      "Text": "P sndp midi-154x",
      "Geometry": {
        "BoundingBox": {
          "Width": 0.5064815282821655,
          "Height": 0.04709102585911751,
          "Left": 0.2641172409057617,
          "Top": 0.6940751075744629
        },
        "Polygon": [
          {
            "X": 0.2641172409057617,
            "Y": 0.6965271234512329
          },
          {
            "X": 0.7705224752426147,
            "Y": 0.6940751075744629
          },
          {
            "X": 0.7705987691879272,
            "Y": 0.7387928366661072
          },
          {
            "X": 0.2641645073890686,
            "Y": 0.7411661148071289
          }
        ]
      },
      "Id": "7d943b4f-1ddb-4970-a154-bdc1771c0ac0",
      "Relationships": [
        {
          "Type": "CHILD",
          "Ids": [
            "370fd003-e770-423e-b305-b9fbd5b2754f",
            "fcac89f3-af42-4f6c-87d3-88f9a44213b3",
            "bc34efed-0f5c-41e7-ae86-9530febf67f0"
          ]
        }
      ],
      "Page": 1
    },
    {
      "BlockType": "WORD",
      "Confidence": 83.47596740722656,
      "Text": "Shuddha",
      "TextType": "HANDWRITING",
      "Geometry": {
        "BoundingBox": {
          "Width": 0.10706125199794769,
          "Height": 0.023408424109220505,
          "Left": 0.613184928894043,
          "Top": 0.035347241908311844
        },
        "Polygon": [
          {
            "X": 0.613184928894043,
            "Y": 0.036111123859882355
          },
          {
            "X": 0.720209002494812,
            "Y": 0.035347241908311844
          },
          {
            "X": 0.7202461957931519,
            "Y": 0.05800020694732666
          },
          {
            "X": 0.6132190823554993,
            "Y": 0.05875566601753235
          }
        ],
        "RotationAngle": 0
      },
      "Id": "f274d01c-e0fb-4c6f-99af-a5015ffac899",
      "Page": 1
    },
    {
      "BlockType": "WORD",
      "Confidence": 78.59474182128906,
      "Text": "Todi",
      "TextType": "HANDWRITING",
      "Geometry": {
        "BoundingBox": {
          "Width": 0.050957102328538895,
          "Height": 0.02264402247965336,
          "Left": 0.7252591848373413,
          "Top": 0.03553253412246704
        },
        "Polygon": [
          {
            "X": 0.7252591848373413,
            "Y": 0.03589586541056633
          },
          {
            "X": 0.7761780619621277,
            "Y": 0.03553253412246704
          },
          {
            "X": 0.7762163281440735,
            "Y": 0.05781716853380203
          },
          {
            "X": 0.7252959609031677,
            "Y": 0.05817655846476555
          }
        ],
        "RotationAngle": 0
      },
      "Id": "a1234eb2-46b9-46bc-b830-ee0e25b97e0a",
      "Page": 1
    },
    {
      "BlockType": "WORD",
      "Confidence": 90.51100158691406,
      "Text": "Summer",
      "TextType": "HANDWRITING",
      "Geometry": {
        "BoundingBox": {
          "Width": 0.08839353173971176,
          "Height": 0.019573049619793892,
          "Left": 0.8068514466285706,
          "Top": 0.04002917930483818
        },
        "Polygon": [
          {
            "X": 0.8068514466285706,
            "Y": 0.04065801203250885
          },
          {
            "X": 0.895209550857544,
            "Y": 0.04002917930483818
          },
          {
            "X": 0.8952449560165405,
            "Y": 0.05897921323776245
          },
          {
            "X": 0.8068846464157104,
            "Y": 0.05960223078727722
          }
        ],
        "RotationAngle": 0
      },
      "Id": "81e4c865-e30d-4aea-9925-d33eaae8d611",
      "Page": 1
    },
    {
      "BlockType": "WORD",
      "Confidence": 19.56229019165039,
      "Text": "SAPBSSSIPPPPP",
      "TextType": "HANDWRITING",
      "Geometry": {
        "BoundingBox": {
          "Width": 0.23036043345928192,
          "Height": 0.02871958166360855,
          "Left": 0.06063426285982132,
          "Top": 0.06411705166101456
        },
        "Polygon": [
          {
            "X": 0.06063426285982132,
            "Y": 0.06574037671089172
          },
          {
            "X": 0.2909650504589081,
            "Y": 0.06411705166101456
          },
          {
            "X": 0.29099470376968384,
            "Y": 0.09123504161834717
          },
          {
            "X": 0.060655903071165085,
            "Y": 0.09283663332462311
          }
        ],
        "RotationAngle": 0
      },
      "Id": "a2b043e2-91dd-4d2f-b19f-fbc0174617c6",
      "Page": 1
    },
    {
      "BlockType": "WORD",
      "Confidence": 95.88548278808594,
      "Text": "DDD",
      "TextType": "HANDWRITING",
      "Geometry": {
        "BoundingBox": {
          "Width": 0.07224129140377045,
          "Height": 0.02388574182987213,
          "Left": 0.3143790662288666,
          "Top": 0.06778811663389206
        },
        "Polygon": [
          {
            "X": 0.3143790662288666,
            "Y": 0.06829596310853958
          },
          {
            "X": 0.38659194111824036,
            "Y": 0.06778811663389206
          },
          {
            "X": 0.3866203725337982,
            "Y": 0.09117188304662704
          },
          {
            "X": 0.3144053518772125,
            "Y": 0.09167385846376419
          }
        ],
        "RotationAngle": 0
      },
      "Id": "4b6b6fe1-543e-485a-a348-bd7b80e12793",
      "Page": 1
    },
    {
      "BlockType": "WORD",
      "Confidence": 81.64600372314453,
      "Text": "Int Inst",
      "TextType": "HANDWRITING",
      "Geometry": {
        "BoundingBox": {
          "Width": 0.08843954652547836,
          "Height": 0.016507789492607117,
          "Left": 0.7501139044761658,
          "Top": 0.05897263064980507
        },
        "Polygon": [
          {
            "X": 0.7501139044761658,
            "Y": 0.05959612876176834
          },
          {
            "X": 0.8385249376296997,
            "Y": 0.05897263064980507
          },
          {
            "X": 0.8385534882545471,
            "Y": 0.0748617947101593
          },
          {
            "X": 0.7501406073570251,
            "Y": 0.07548041641712189
          }
        ],
        "RotationAngle": 0
      },
      "Id": "d4b888f9-2666-4672-824a-bd09d46b87f9",
      "Page": 1
    },
    {
      "BlockType": "WORD",
      "Confidence": 43.411888122558594,
      "Text": "n-nd-dpp",
      "TextType": "HANDWRITING",
      "Geometry": {
        "BoundingBox": {
          "Width": 0.1354743093252182,
          "Height": 0.02597145363688469,
          "Left": 0.7994949221611023,
          "Top": 0.08571518957614899
        },
        "Polygon": [
          {
            "X": 0.7994949221611023,
            "Y": 0.0866573229432106
          },
          {
            "X": 0.934921145439148,
            "Y": 0.08571518957614899
          },
          {
            "X": 0.9349691867828369,
            "Y": 0.1107562780380249
          },
          {
            "X": 0.7995385527610779,
            "Y": 0.11168663948774338
          }
        ],
        "RotationAngle": 0
      },
      "Id": "b792041e-74aa-4caa-b25f-0804fb84e13b",
      "Page": 1
    },
    {
      "BlockType": "WORD",
      "Confidence": 98.27407836914062,
      "Text": "89",
      "TextType": "HANDWRITING",
      "Geometry": {
        "BoundingBox": {
          "Width": 0.042705804109573364,
          "Height": 0.024508148431777954,
          "Left": 0.853729248046875,
          "Top": 0.05485468730330467
        },
        "Polygon": [
          {
            "X": 0.853729248046875,
            "Y": 0.05515609309077263
          },
          {
            "X": 0.8963897824287415,
            "Y": 0.05485468730330467
          },
          {
            "X": 0.896435022354126,
            "Y": 0.07906501740217209
          },
          {
            "X": 0.8537731170654297,
            "Y": 0.07936283200979233
          }
        ],
        "RotationAngle": 0
      },
      "Id": "20ea0ed5-0e9c-456d-ab2d-71dc66b134d8",
      "Page": 1
    },
    {
      "BlockType": "WORD",
      "Confidence": 19.686304092407227,
      "Text": "m-mp-p'pp",
      "TextType": "HANDWRITING",
      "Geometry": {
        "BoundingBox": {
          "Width": 0.1658431589603424,
          "Height": 0.02514716051518917,
          "Left": 0.6186368465423584,
          "Top": 0.11491524428129196
        },
        "Polygon": [
          {
            "X": 0.6186368465423584,
            "Y": 0.11605244129896164
          },
          {
            "X": 0.7844385504722595,
            "Y": 0.11491524428129196
          },
          {
            "X": 0.7844799757003784,
            "Y": 0.1389390379190445
          },
          {
            "X": 0.6186731457710266,
            "Y": 0.14006240665912628
          }
        ],
        "RotationAngle": 0
      },
      "Id": "44b5e594-db22-4248-9b6a-0fdd91f000e3",
      "Page": 1
    },
    {
      "BlockType": "WORD",
      "Confidence": 92.00334167480469,
      "Text": "Shalla",
      "TextType": "HANDWRITING",
      "Geometry": {
        "BoundingBox": {
          "Width": 0.08960294723510742,
          "Height": 0.02631029486656189,
          "Left": 0.017720239236950874,
          "Top": 0.3057807385921478
        },
        "Polygon": [
          {
            "X": 0.017720239236950874,
            "Y": 0.306336909532547
          },
          {
            "X": 0.10730108618736267,
            "Y": 0.3057807385921478
          },
          {
            "X": 0.10732319205999374,
            "Y": 0.3315429091453552
          },
          {
            "X": 0.01773938722908497,
            "Y": 0.3320910334587097
          }
        ],
        "RotationAngle": 0
      },
      "Id": "45546462-05cc-4bdb-bb8c-28ab4a7da95f",
      "Page": 1
    },
    {
      "BlockType": "WORD",
      "Confidence": 37.82575607299805,
      "Text": "out",
      "TextType": "HANDWRITING",
      "Geometry": {
        "BoundingBox": {
          "Width": 0.026283465325832367,
          "Height": 0.019292479380965233,
          "Left": 0.2690190076828003,
          "Top": 0.3072236180305481
        },
        "Polygon": [
          {
            "X": 0.2690190076828003,
            "Y": 0.3073864281177521
          },
          {
            "X": 0.29528146982192993,
            "Y": 0.3072236180305481
          },
          {
            "X": 0.29530248045921326,
            "Y": 0.3263550400733948
          },
          {
            "X": 0.2690393924713135,
            "Y": 0.3265160918235779
          }
        ],
        "RotationAngle": 0
      },
      "Id": "6d41b199-1a7b-4d70-9086-95d6e006e827",
      "Page": 1
    },
    {
      "BlockType": "WORD",
      "Confidence": 8.755879402160645,
      "Text": "INW",
      "TextType": "HANDWRITING",
      "Geometry": {
        "BoundingBox": {
          "Width": 0.04600788280367851,
          "Height": 0.0124787837266922,
          "Left": 0.13410009443759918,
          "Top": 0.3565731346607208
        },
        "Polygon": [
          {
            "X": 0.13410009443759918,
            "Y": 0.3568504750728607
          },
          {
            "X": 0.18009637296199799,
            "Y": 0.3565731346607208
          },
          {
            "X": 0.180107980966568,
            "Y": 0.36877650022506714
          },
          {
            "X": 0.13411098718643188,
            "Y": 0.36905190348625183
          }
        ],
        "RotationAngle": 0
      },
      "Id": "dbd9523c-3588-4771-9a86-2156d21f6e08",
      "Page": 1
    },
    {
      "BlockType": "WORD",
      "Confidence": 85.98263549804688,
      "Text": "203",
      "TextType": "HANDWRITING",
      "Geometry": {
        "BoundingBox": {
          "Width": 0.10161459445953369,
          "Height": 0.018303850665688515,
          "Left": 0.41265401244163513,
          "Top": 0.35397660732269287
        },
        "Polygon": [
          {
            "X": 0.41265401244163513,
            "Y": 0.35458940267562866
          },
          {
            "X": 0.5142441987991333,
            "Y": 0.35397660732269287
          },
          {
            "X": 0.5142685770988464,
            "Y": 0.37167394161224365
          },
          {
            "X": 0.4126760959625244,
            "Y": 0.372280478477478
          }
        ],
        "RotationAngle": 0
      },
      "Id": "06fb268d-655c-4415-969d-f88572d2927d",
      "Page": 1
    },
    {
      "BlockType": "WORD",
      "Confidence": 12.922612190246582,
      "Text": "P/P3/11",
      "TextType": "HANDWRITING",
      "Geometry": {
        "BoundingBox": {
          "Width": 0.14667974412441254,
          "Height": 0.03741652891039848,
          "Left": 0.41365668177604675,
          "Top": 0.35496094822883606
        },
        "Polygon": [
          {
            "X": 0.41365668177604675,
            "Y": 0.35584473609924316
          },
          {
            "X": 0.5602838397026062,
            "Y": 0.35496094822883606
          },
          {
            "X": 0.5603364109992981,
            "Y": 0.39151233434677124
          },
          {
            "X": 0.4137023389339447,
            "Y": 0.39237746596336365
          }
        ],
        "RotationAngle": 0
      },
      "Id": "f4852737-fc56-4ebf-810b-c7f6c52924c7",
      "Page": 1
    },
    {
      "BlockType": "WORD",
      "Confidence": 64.01335144042969,
      "Text": "+203",
      "TextType": "PRINTED",
      "Geometry": {
        "BoundingBox": {
          "Width": 0.13308347761631012,
          "Height": 0.026663651689887047,
          "Left": 0.7999189496040344,
          "Top": 0.37609079480171204
        },
        "Polygon": [
          {
            "X": 0.7999189496040344,
            "Y": 0.37688183784484863
          },
          {
            "X": 0.932952880859375,
            "Y": 0.37609079480171204
          },
          {
            "X": 0.9330024123191833,
            "Y": 0.4019753932952881
          },
          {
            "X": 0.7999640703201294,
            "Y": 0.40275445580482483
          }
        ],
        "RotationAngle": 0
      },
      "Id": "5d4d601d-a611-4c80-b6d6-e992988779fb",
      "Page": 1
    },
    {
      "BlockType": "WORD",
      "Confidence": 76.32085418701172,
      "Text": "IP-D-",
      "TextType": "HANDWRITING",
      "Geometry": {
        "BoundingBox": {
          "Width": 0.09317918121814728,
          "Height": 0.021567078307271004,
          "Left": 0.4561850428581238,
          "Top": 0.4098908603191376
        },
        "Polygon": [
          {
            "X": 0.4561850428581238,
            "Y": 0.4104344844818115
          },
          {
            "X": 0.5493342876434326,
            "Y": 0.4098908603191376
          },
          {
            "X": 0.5493642091751099,
            "Y": 0.43092110753059387
          },
          {
            "X": 0.45621246099472046,
            "Y": 0.4314579367637634
          }
        ],
        "RotationAngle": 0
      },
      "Id": "fd309e93-7ae5-4b38-97c2-f8d5582e3373",
      "Page": 1
    },
    {
      "BlockType": "WORD",
      "Confidence": 94.45471954345703,
      "Text": "+",
      "TextType": "HANDWRITING",
      "Geometry": {
        "BoundingBox": {
          "Width": 0.01920165680348873,
          "Height": 0.015877293422818184,
          "Left": 0.7811604738235474,
          "Top": 0.43236538767814636
        },
        "Polygon": [
          {
            "X": 0.7811604738235474,
            "Y": 0.4324756860733032
          },
          {
            "X": 0.800334632396698,
            "Y": 0.43236538767814636
          },
          {
            "X": 0.8003621697425842,
            "Y": 0.4481334388256073
          },
          {
            "X": 0.7811876535415649,
            "Y": 0.4482426941394806
          }
        ],
        "RotationAngle": 0
      },
      "Id": "14ef600f-5f17-44b8-9a5f-1fedbbcee353",
      "Page": 1
    },
    {
      "BlockType": "WORD",
      "Confidence": 78.31413269042969,
      "Text": "11:",
      "TextType": "HANDWRITING",
      "Geometry": {
        "BoundingBox": {
          "Width": 0.028522294014692307,
          "Height": 0.02202621102333069,
          "Left": 0.04996743053197861,
          "Top": 0.4560629427433014
        },
        "Polygon": [
          {
            "X": 0.04996743053197861,
            "Y": 0.4562249779701233
          },
          {
            "X": 0.07847177237272263,
            "Y": 0.4560629427433014
          },
          {
            "X": 0.07848972827196121,
            "Y": 0.4779292941093445
          },
          {
            "X": 0.049984585493803024,
            "Y": 0.4780891537666321
          }
        ],
        "RotationAngle": 0
      },
      "Id": "873b6d7c-60d4-4571-98fb-aea76e6c162c",
      "Page": 1
    },
    {
      "BlockType": "WORD",
      "Confidence": 57.30747604370117,
      "Text": "1",
      "TextType": "HANDWRITING",
      "Geometry": {
        "BoundingBox": {
          "Width": 0.007038770709186792,
          "Height": 0.022427940741181374,
          "Left": 0.48290151357650757,
          "Top": 0.4547864496707916
        },
        "Polygon": [
          {
            "X": 0.48290151357650757,
            "Y": 0.4548262655735016
          },
          {
            "X": 0.4899100959300995,
            "Y": 0.4547864496707916
          },
          {
            "X": 0.4899402856826782,
            "Y": 0.47717511653900146
          },
          {
            "X": 0.4829314649105072,
            "Y": 0.47721439599990845
          }
        ],
        "RotationAngle": 0
      },
      "Id": "75dcf886-e548-45a5-b962-d2019491be66",
      "Page": 1
    },
    {
      "BlockType": "WORD",
      "Confidence": 53.25434112548828,
      "Text": "n-d",
      "TextType": "HANDWRITING",
      "Geometry": {
        "BoundingBox": {
          "Width": 0.04748513177037239,
          "Height": 0.01652347482740879,
          "Left": 0.7902489304542542,
          "Top": 0.44695502519607544
        },
        "Polygon": [
          {
            "X": 0.7902489304542542,
            "Y": 0.44722557067871094
          },
          {
            "X": 0.8377049565315247,
            "Y": 0.44695502519607544
          },
          {
            "X": 0.8377341032028198,
            "Y": 0.4632106125354767
          },
          {
            "X": 0.7902770638465881,
            "Y": 0.4634784758090973
          }
        ],
        "RotationAngle": 0
      },
      "Id": "b74a9556-219f-434e-a186-cb73cd336b04",
      "Page": 1
    },
    {
      "BlockType": "WORD",
      "Confidence": 13.731365203857422,
      "Text": "\"art",
      "TextType": "HANDWRITING",
      "Geometry": {
        "BoundingBox": {
          "Width": 0.04320850223302841,
          "Height": 0.027877697721123695,
          "Left": 0.8486310243606567,
          "Top": 0.4360917806625366
        },
        "Polygon": [
          {
            "X": 0.8917880654335022,
            "Y": 0.4360917806625366
          },
          {
            "X": 0.8918395042419434,
            "Y": 0.4637259840965271
          },
          {
            "X": 0.8486809134483337,
            "Y": 0.46396949887275696
          },
          {
            "X": 0.8486310243606567,
            "Y": 0.43633943796157837
          }
        ],
        "RotationAngle": 270
      },
      "Id": "334b5f92-b583-4c51-925c-7d9d8affe62a",
      "Page": 1
    },
    {
      "BlockType": "WORD",
      "Confidence": 61.96189498901367,
      "Text": "Be",
      "TextType": "HANDWRITING",
      "Geometry": {
        "BoundingBox": {
          "Width": 0.0289545189589262,
          "Height": 0.018978197127580643,
          "Left": 0.8506711721420288,
          "Top": 0.4358923137187958
        },
        "Polygon": [
          {
            "X": 0.8506711721420288,
            "Y": 0.43605828285217285
          },
          {
            "X": 0.8795909285545349,
            "Y": 0.4358923137187958
          },
          {
            "X": 0.879625678062439,
            "Y": 0.45470643043518066
          },
          {
            "X": 0.8507052063941956,
            "Y": 0.4548705220222473
          }
        ],
        "RotationAngle": 0
      },
      "Id": "9d20c97a-ed32-4a30-9ab6-43b19ccfe7de",
      "Page": 1
    },
    {
      "BlockType": "WORD",
      "Confidence": 15.220224380493164,
      "Text": "ip p/",
      "TextType": "HANDWRITING",
      "Geometry": {
        "BoundingBox": {
          "Width": 0.06814371794462204,
          "Height": 0.03601076826453209,
          "Left": 0.9100349545478821,
          "Top": 0.43477174639701843
        },
        "Polygon": [
          {
            "X": 0.9100349545478821,
            "Y": 0.4351625442504883
          },
          {
            "X": 0.9781084060668945,
            "Y": 0.43477174639701843
          },
          {
            "X": 0.9781786799430847,
            "Y": 0.4704001247882843
          },
          {
            "X": 0.9101020693778992,
            "Y": 0.4707825183868408
          }
        ],
        "RotationAngle": 0
      },
      "Id": "cf3bc89f-6afd-45f9-bfaa-73171b6ff20c",
      "Page": 1
    },
    {
      "BlockType": "WORD",
      "Confidence": 94.96990203857422,
      "Text": "?",
      "TextType": "HANDWRITING",
      "Geometry": {
        "BoundingBox": {
          "Width": 0.014919945038855076,
          "Height": 0.019473016262054443,
          "Left": 0.8110436201095581,
          "Top": 0.46596473455429077
        },
        "Polygon": [
          {
            "X": 0.8110436201095581,
            "Y": 0.46604859828948975
          },
          {
            "X": 0.8259291052818298,
            "Y": 0.46596473455429077
          },
          {
            "X": 0.82596355676651,
            "Y": 0.48535487055778503
          },
          {
            "X": 0.8110777139663696,
            "Y": 0.4854377508163452
          }
        ],
        "RotationAngle": 0
      },
      "Id": "38714583-ca0a-434b-b950-a32bc05aa508",
      "Page": 1
    },
    {
      "BlockType": "WORD",
      "Confidence": 24.396326065063477,
      "Text": "S5",
      "TextType": "HANDWRITING",
      "Geometry": {
        "BoundingBox": {
          "Width": 0.030290456488728523,
          "Height": 0.012182451784610748,
          "Left": 0.17208252847194672,
          "Top": 0.484454482793808
        },
        "Polygon": [
          {
            "X": 0.17208252847194672,
            "Y": 0.484623521566391
          },
          {
            "X": 0.20236122608184814,
            "Y": 0.484454482793808
          },
          {
            "X": 0.2023729830980301,
            "Y": 0.4964691400527954
          },
          {
            "X": 0.17209383845329285,
            "Y": 0.49663692712783813
          }
        ],
        "RotationAngle": 0
      },
      "Id": "d66ff752-25f6-49c1-9e5f-f39589abc4c9",
      "Page": 1
    },
    {
      "BlockType": "WORD",
      "Confidence": 54.352359771728516,
      "Text": "11:m",
      "TextType": "HANDWRITING",
      "Geometry": {
        "BoundingBox": {
          "Width": 0.075179323554039,
          "Height": 0.019890401512384415,
          "Left": 0.05437466502189636,
          "Top": 0.5027897357940674
        },
        "Polygon": [
          {
            "X": 0.05437466502189636,
            "Y": 0.5032047033309937
          },
          {
            "X": 0.1295367181301117,
            "Y": 0.5027897357940674
          },
          {
            "X": 0.12955398857593536,
            "Y": 0.5222703218460083
          },
          {
            "X": 0.05439005419611931,
            "Y": 0.5226801633834839
          }
        ],
        "RotationAngle": 0
      },
      "Id": "4d416ef4-e926-4840-b162-e24343727240",
      "Page": 1
    },
    {
      "BlockType": "WORD",
      "Confidence": 54.343711853027344,
      "Text": "1-M",
      "TextType": "HANDWRITING",
      "Geometry": {
        "BoundingBox": {
          "Width": 0.08028928190469742,
          "Height": 0.019862430170178413,
          "Left": 0.09106150269508362,
          "Top": 0.5215082764625549
        },
        "Polygon": [
          {
            "X": 0.09106150269508362,
            "Y": 0.521946132183075
          },
          {
            "X": 0.17133252322673798,
            "Y": 0.5215082764625549
          },
          {
            "X": 0.17135079205036163,
            "Y": 0.5409383177757263
          },
          {
            "X": 0.0910777598619461,
            "Y": 0.541370689868927
          }
        ],
        "RotationAngle": 0
      },
      "Id": "e8318d7c-bd31-411f-b9f9-7751bd3028ca",
      "Page": 1
    },
    {
      "BlockType": "WORD",
      "Confidence": 87.07669067382812,
      "Text": "2x",
      "TextType": "HANDWRITING",
      "Geometry": {
        "BoundingBox": {
          "Width": 0.03489150106906891,
          "Height": 0.015569685958325863,
          "Left": 0.18763765692710876,
          "Top": 0.5070683360099792
        },
        "Polygon": [
          {
            "X": 0.18763765692710876,
            "Y": 0.5072603225708008
          },
          {
            "X": 0.22251369059085846,
            "Y": 0.5070683360099792
          },
          {
            "X": 0.22252915799617767,
            "Y": 0.522447943687439
          },
          {
            "X": 0.18765242397785187,
            "Y": 0.5226380228996277
          }
        ],
        "RotationAngle": 0
      },
      "Id": "25f562fa-1765-49ce-a309-003cb352d3f7",
      "Page": 1
    },
    {
      "BlockType": "WORD",
      "Confidence": 59.41386413574219,
      "Text": "P 2x",
      "TextType": "HANDWRITING",
      "Geometry": {
        "BoundingBox": {
          "Width": 0.06982041150331497,
          "Height": 0.022443357855081558,
          "Left": 0.2574246823787689,
          "Top": 0.4990311563014984
        },
        "Polygon": [
          {
            "X": 0.2574246823787689,
            "Y": 0.49941712617874146
          },
          {
            "X": 0.32721996307373047,
            "Y": 0.4990311563014984
          },
          {
            "X": 0.3272450864315033,
            "Y": 0.5210939049720764
          },
          {
            "X": 0.25744783878326416,
            "Y": 0.5214745402336121
          }
        ],
        "RotationAngle": 0
      },
      "Id": "dd80e3a9-68b1-40b3-a0c7-bf322e5a6d60",
      "Page": 1
    },
    {
      "BlockType": "WORD",
      "Confidence": 78.41597747802734,
      "Text": "0",
      "TextType": "HANDWRITING",
      "Geometry": {
        "BoundingBox": {
          "Width": 0.015442976728081703,
          "Height": 0.010621205903589725,
          "Left": 0.2610844671726227,
          "Top": 0.48725759983062744
        },
        "Polygon": [
          {
            "X": 0.2610844671726227,
            "Y": 0.48734357953071594
          },
          {
            "X": 0.2765161097049713,
            "Y": 0.48725759983062744
          },
          {
            "X": 0.27652743458747864,
            "Y": 0.49779337644577026
          },
          {
            "X": 0.2610955834388733,
            "Y": 0.4978788197040558
          }
        ],
        "RotationAngle": 0
      },
      "Id": "9c05073d-a866-4bc3-9212-57d4906e1eb4",
      "Page": 1
    },
    {
      "BlockType": "WORD",
      "Confidence": 16.433753967285156,
      "Text": "1%",
      "TextType": "HANDWRITING",
      "Geometry": {
        "BoundingBox": {
          "Width": 0.1442744880914688,
          "Height": 0.03819569945335388,
          "Left": 0.36925897002220154,
          "Top": 0.4867224395275116
        },
        "Polygon": [
          {
            "X": 0.36925897002220154,
            "Y": 0.4875256419181824
          },
          {
            "X": 0.5134819149971008,
            "Y": 0.4867224395275116
          },
          {
            "X": 0.5135334730148315,
            "Y": 0.5241337418556213
          },
          {
            "X": 0.3693035840988159,
            "Y": 0.5249181389808655
          }
        ],
        "RotationAngle": 0
      },
      "Id": "a33f63e2-9279-4742-9958-8f85fa09aa74",
      "Page": 1
    },
    {
      "BlockType": "WORD",
      "Confidence": 11.32458782196045,
      "Text": "d-p- 15",
      "TextType": "HANDWRITING",
      "Geometry": {
        "BoundingBox": {
          "Width": 0.10093843936920166,
          "Height": 0.026261422783136368,
          "Left": 0.5750136971473694,
          "Top": 0.4922241270542145
        },
        "Polygon": [
          {
            "X": 0.5750136971473694,
            "Y": 0.492783784866333
          },
          {
            "X": 0.6759113669395447,
            "Y": 0.4922241270542145
          },
          {
            "X": 0.675952136516571,
            "Y": 0.5179349184036255
          },
          {
            "X": 0.5750511288642883,
            "Y": 0.5184855461120605
          }
        ],
        "RotationAngle": 0
      },
      "Id": "fe306aab-f600-4f2b-929d-c0665d415ed4",
      "Page": 1
    },
    {
      "BlockType": "WORD",
      "Confidence": 92.9306869506836,
      "Text": "+",
      "TextType": "HANDWRITING",
      "Geometry": {
        "BoundingBox": {
          "Width": 0.02481735125184059,
          "Height": 0.015079258009791374,
          "Left": 0.644366979598999,
          "Top": 0.47858282923698425
        },
        "Polygon": [
          {
            "X": 0.644366979598999,
            "Y": 0.478721559047699
          },
          {
            "X": 0.669160783290863,
            "Y": 0.47858282923698425
          },
          {
            "X": 0.6691843271255493,
            "Y": 0.4935246706008911
          },
          {
            "X": 0.6443900465965271,
            "Y": 0.4936620891094208
          }
        ],
        "RotationAngle": 0
      },
      "Id": "45ca127f-3a5f-44a7-99f4-5f73ba1ff696",
      "Page": 1
    },
    {
      "BlockType": "WORD",
      "Confidence": 69.39253997802734,
      "Text": "IW",
      "TextType": "HANDWRITING",
      "Geometry": {
        "BoundingBox": {
          "Width": 0.04297398403286934,
          "Height": 0.01640317030251026,
          "Left": 0.6528169512748718,
          "Top": 0.5218604803085327
        },
        "Polygon": [
          {
            "X": 0.6528169512748718,
            "Y": 0.5220942497253418
          },
          {
            "X": 0.6957648992538452,
            "Y": 0.5218604803085327
          },
          {
            "X": 0.6957909464836121,
            "Y": 0.5380322933197021
          },
          {
            "X": 0.652842104434967,
            "Y": 0.5382636189460754
          }
        ],
        "RotationAngle": 0
      },
      "Id": "21c09952-cb3b-4aa2-b1e3-356490c43809",
      "Page": 1
    },
    {
      "BlockType": "WORD",
      "Confidence": 53.69419479370117,
      "Text": "8X",
      "TextType": "HANDWRITING",
      "Geometry": {
        "BoundingBox": {
          "Width": 0.04822665452957153,
          "Height": 0.0210230965167284,
          "Left": 0.7120558023452759,
          "Top": 0.5057482719421387
        },
        "Polygon": [
          {
            "X": 0.7120558023452759,
            "Y": 0.5060132741928101
          },
          {
            "X": 0.7602472901344299,
            "Y": 0.5057482719421387
          },
          {
            "X": 0.7602824568748474,
            "Y": 0.5265098810195923
          },
          {
            "X": 0.7120896577835083,
            "Y": 0.5267713665962219
          }
        ],
        "RotationAngle": 0
      },
      "Id": "d973d2fc-9660-4f6d-9bbc-6731f4b3ad82",
      "Page": 1
    },
    {
      "BlockType": "WORD",
      "Confidence": 36.66035461425781,
      "Text": "15-5-15--",
      "TextType": "HANDWRITING",
      "Geometry": {
        "BoundingBox": {
          "Width": 0.2011335790157318,
          "Height": 0.030758865177631378,
          "Left": 0.7905275225639343,
          "Top": 0.49559712409973145
        },
        "Polygon": [
          {
            "X": 0.7905275225639343,
            "Y": 0.49670886993408203
          },
          {
            "X": 0.9916020631790161,
            "Y": 0.49559712409973145
          },
          {
            "X": 0.9916610717773438,
            "Y": 0.5252649784088135
          },
          {
            "X": 0.7905788421630859,
            "Y": 0.5263559818267822
          }
        ],
        "RotationAngle": 0
      },
      "Id": "eaf3a66f-5e1b-4801-954d-5289e6e73259",
      "Page": 1
    },
    {
      "BlockType": "WORD",
      "Confidence": 90.84291076660156,
      "Text": "11-99",
      "TextType": "HANDWRITING",
      "Geometry": {
        "BoundingBox": {
          "Width": 0.14561380445957184,
          "Height": 0.03461487591266632,
          "Left": 0.07980272173881531,
          "Top": 0.5515825152397156
        },
        "Polygon": [
          {
            "X": 0.07980272173881531,
            "Y": 0.5523611307144165
          },
          {
            "X": 0.22538237273693085,
            "Y": 0.5515825152397156
          },
          {
            "X": 0.22541652619838715,
            "Y": 0.5854359269142151
          },
          {
            "X": 0.07983055710792542,
            "Y": 0.5861973762512207
          }
        ],
        "RotationAngle": 0
      },
      "Id": "b0ab2be3-a601-4bcc-b512-4370ee44d658",
      "Page": 1
    },
    {
      "BlockType": "WORD",
      "Confidence": 97.64827728271484,
      "Text": "+",
      "TextType": "HANDWRITING",
      "Geometry": {
        "BoundingBox": {
          "Width": 0.024383489042520523,
          "Height": 0.01469363458454609,
          "Left": 0.2026374787092209,
          "Top": 0.5332556366920471
        },
        "Polygon": [
          {
            "X": 0.2026374787092209,
            "Y": 0.5333875417709351
          },
          {
            "X": 0.2270062416791916,
            "Y": 0.5332556366920471
          },
          {
            "X": 0.2270209640264511,
            "Y": 0.5478186011314392
          },
          {
            "X": 0.2026517391204834,
            "Y": 0.5479492545127869
          }
        ],
        "RotationAngle": 0
      },
      "Id": "0823011a-9d79-4bd7-93b2-1e741f16eae8",
      "Page": 1
    },
    {
      "BlockType": "WORD",
      "Confidence": 56.92741394042969,
      "Text": "MTR",
      "TextType": "HANDWRITING",
      "Geometry": {
        "BoundingBox": {
          "Width": 0.06477950513362885,
          "Height": 0.02549075148999691,
          "Left": 0.28945592045783997,
          "Top": 0.5445074439048767
        },
        "Polygon": [
          {
            "X": 0.28945592045783997,
            "Y": 0.5448552370071411
          },
          {
            "X": 0.3542059063911438,
            "Y": 0.5445074439048767
          },
          {
            "X": 0.3542354106903076,
            "Y": 0.5696561336517334
          },
          {
            "X": 0.28948333859443665,
            "Y": 0.5699982047080994
          }
        ],
        "RotationAngle": 0
      },
      "Id": "6e15baf9-0b24-4255-9407-cab3a334a3eb",
      "Page": 1
    },
    {
      "BlockType": "WORD",
      "Confidence": 94.47843170166016,
      "Text": "+",
      "TextType": "HANDWRITING",
      "Geometry": {
        "BoundingBox": {
          "Width": 0.022978898137807846,
          "Height": 0.013016534969210625,
          "Left": 0.3201610743999481,
          "Top": 0.5334774255752563
        },
        "Polygon": [
          {
            "X": 0.3201610743999481,
            "Y": 0.5336016416549683
          },
          {
            "X": 0.34312501549720764,
            "Y": 0.5334774255752563
          },
          {
            "X": 0.34313997626304626,
            "Y": 0.5463707447052002
          },
          {
            "X": 0.3201756477355957,
            "Y": 0.5464939475059509
          }
        ],
        "RotationAngle": 0
      },
      "Id": "221cca07-3c17-4e49-87b2-9b2dd0f14b06",
      "Page": 1
    },
    {
      "BlockType": "WORD",
      "Confidence": 90.751953125,
      "Text": "R",
      "TextType": "HANDWRITING",
      "Geometry": {
        "BoundingBox": {
          "Width": 0.018046677112579346,
          "Height": 0.021685192361474037,
          "Left": 0.42909756302833557,
          "Top": 0.5486751794815063
        },
        "Polygon": [
          {
            "X": 0.42909756302833557,
            "Y": 0.5487716794013977
          },
          {
            "X": 0.44711631536483765,
            "Y": 0.5486751794815063
          },
          {
            "X": 0.4471442401409149,
            "Y": 0.5702652335166931
          },
          {
            "X": 0.42912498116493225,
            "Y": 0.5703603625297546
          }
        ],
        "RotationAngle": 0
      },
      "Id": "6800d7aa-8fa6-477e-98eb-3901e3cedc66",
      "Page": 1
    },
    {
      "BlockType": "WORD",
      "Confidence": 83.84626007080078,
      "Text": "+",
      "TextType": "HANDWRITING",
      "Geometry": {
        "BoundingBox": {
          "Width": 0.019485512748360634,
          "Height": 0.014872726984322071,
          "Left": 0.44274166226387024,
          "Top": 0.5352321863174438
        },
        "Polygon": [
          {
            "X": 0.44274166226387024,
            "Y": 0.5353373289108276
          },
          {
            "X": 0.4622077941894531,
            "Y": 0.5352321863174438
          },
          {
            "X": 0.4622271955013275,
            "Y": 0.550000786781311
          },
          {
            "X": 0.4427606761455536,
            "Y": 0.5501049160957336
          }
        ],
        "RotationAngle": 0
      },
      "Id": "6485602d-ed27-4e7c-9972-eb84f8bc9c8c",
      "Page": 1
    },
    {
      "BlockType": "WORD",
      "Confidence": 19.83657455444336,
      "Text": "P-AdP-15",
      "TextType": "HANDWRITING",
      "Geometry": {
        "BoundingBox": {
          "Width": 0.1572343409061432,
          "Height": 0.03652377426624298,
          "Left": 0.4716658592224121,
          "Top": 0.5379149913787842
        },
        "Polygon": [
          {
            "X": 0.4716658592224121,
            "Y": 0.5387619733810425
          },
          {
            "X": 0.628845751285553,
            "Y": 0.5379149913787842
          },
          {
            "X": 0.6289002299308777,
            "Y": 0.573611319065094
          },
          {
            "X": 0.4717130959033966,
            "Y": 0.574438750743866
          }
        ],
        "RotationAngle": 0
      },
      "Id": "1e5872f9-275d-4d6b-a5ea-8d1a2b16c10e",
      "Page": 1
    },
    {
      "BlockType": "WORD",
      "Confidence": 52.38978958129883,
      "Text": "/V/V",
      "TextType": "HANDWRITING",
      "Geometry": {
        "BoundingBox": {
          "Width": 0.06379517167806625,
          "Height": 0.017919428646564484,
          "Left": 0.8054136633872986,
          "Top": 0.5296387076377869
        },
        "Polygon": [
          {
            "X": 0.8054136633872986,
            "Y": 0.5299838185310364
          },
          {
            "X": 0.8691766262054443,
            "Y": 0.5296387076377869
          },
          {
            "X": 0.869208812713623,
            "Y": 0.5472168922424316
          },
          {
            "X": 0.8054444193840027,
            "Y": 0.5475581288337708
          }
        ],
        "RotationAngle": 0
      },
      "Id": "3e9a8544-63aa-40c4-b70b-139157ca9b06",
      "Page": 1
    },
    {
      "BlockType": "WORD",
      "Confidence": 56.544960021972656,
      "Text": "IVVV",
      "TextType": "HANDWRITING",
      "Geometry": {
        "BoundingBox": {
          "Width": 0.07706204801797867,
          "Height": 0.020379243418574333,
          "Left": 0.8933731913566589,
          "Top": 0.5307422876358032
        },
        "Polygon": [
          {
            "X": 0.8933731913566589,
            "Y": 0.5311587452888489
          },
          {
            "X": 0.9703960418701172,
            "Y": 0.5307422876358032
          },
          {
            "X": 0.9704352021217346,
            "Y": 0.5507104396820068
          },
          {
            "X": 0.8934103846549988,
            "Y": 0.5511215329170227
          }
        ],
        "RotationAngle": 0
      },
      "Id": "5aaa11d7-5b46-440c-9eea-556f4f790aa2",
      "Page": 1
    },
    {
      "BlockType": "WORD",
      "Confidence": 25.22819709777832,
      "Text": "NJSX",
      "TextType": "HANDWRITING",
      "Geometry": {
        "BoundingBox": {
          "Width": 0.08819269388914108,
          "Height": 0.032481104135513306,
          "Left": 0.5998666286468506,
          "Top": 0.5650861859321594
        },
        "Polygon": [
          {
            "X": 0.5998666286468506,
            "Y": 0.5655527114868164
          },
          {
            "X": 0.6880080699920654,
            "Y": 0.5650861859321594
          },
          {
            "X": 0.6880593299865723,
            "Y": 0.5971106290817261
          },
          {
            "X": 0.5999142527580261,
            "Y": 0.5975673198699951
          }
        ],
        "RotationAngle": 0
      },
      "Id": "5fc630f4-6e69-464a-968b-7b8ac5b219b1",
      "Page": 1
    },
    {
      "BlockType": "WORD",
      "Confidence": 26.230567932128906,
      "Text": "11",
      "TextType": "HANDWRITING",
      "Geometry": {
        "BoundingBox": {
          "Width": 0.038355957716703415,
          "Height": 0.025496013462543488,
          "Left": 0.8181197643280029,
          "Top": 0.5609391927719116
        },
        "Polygon": [
          {
            "X": 0.8181197643280029,
            "Y": 0.5611424446105957
          },
          {
            "X": 0.8564297556877136,
            "Y": 0.5609391927719116
          },
          {
            "X": 0.8564757108688354,
            "Y": 0.5862354040145874
          },
          {
            "X": 0.8181644678115845,
            "Y": 0.5864352583885193
          }
        ],
        "RotationAngle": 0
      },
      "Id": "e64b4f3f-cb08-41e4-a310-9856190d6189",
      "Page": 1
    },
    {
      "BlockType": "WORD",
      "Confidence": 97.4168930053711,
      "Text": "them",
      "TextType": "HANDWRITING",
      "Geometry": {
        "BoundingBox": {
          "Width": 0.07104311883449554,
          "Height": 0.022138627246022224,
          "Left": 0.03185965493321419,
          "Top": 0.6096716523170471
        },
        "Polygon": [
          {
            "X": 0.03185965493321419,
            "Y": 0.6100373268127441
          },
          {
            "X": 0.1028842180967331,
            "Y": 0.6096716523170471
          },
          {
            "X": 0.10290277749300003,
            "Y": 0.6314500570297241
          },
          {
            "X": 0.031876228749752045,
            "Y": 0.6318103075027466
          }
        ],
        "RotationAngle": 0
      },
      "Id": "26b4d291-5d37-4733-905a-766ffc1ed115",
      "Page": 1
    },
    {
      "BlockType": "WORD",
      "Confidence": 64.40689086914062,
      "Text": "-5-Rlg",
      "TextType": "HANDWRITING",
      "Geometry": {
        "BoundingBox": {
          "Width": 0.10421586036682129,
          "Height": 0.042951058596372604,
          "Left": 0.0711502879858017,
          "Top": 0.6161016821861267
        },
        "Polygon": [
          {
            "X": 0.0711502879858017,
            "Y": 0.6166355013847351
          },
          {
            "X": 0.17532606422901154,
            "Y": 0.6161016821861267
          },
          {
            "X": 0.17536614835262299,
            "Y": 0.6585343480110168
          },
          {
            "X": 0.07118470966815948,
            "Y": 0.6590527892112732
          }
        ],
        "RotationAngle": 0
      },
      "Id": "1e4dc280-3351-46c7-a395-337d68545a08",
      "Page": 1
    },
    {
      "BlockType": "WORD",
      "Confidence": 17.76793670654297,
      "Text": "R-sn-f-sr",
      "TextType": "HANDWRITING",
      "Geometry": {
        "BoundingBox": {
          "Width": 0.1884334683418274,
          "Height": 0.054347630590200424,
          "Left": 0.22707724571228027,
          "Top": 0.6007519364356995
        },
        "Polygon": [
          {
            "X": 0.22707724571228027,
            "Y": 0.6017264127731323
          },
          {
            "X": 0.4154438376426697,
            "Y": 0.6007519364356995
          },
          {
            "X": 0.41551071405410767,
            "Y": 0.6541600823402405
          },
          {
            "X": 0.2271312177181244,
            "Y": 0.6550995707511902
          }
        ],
        "RotationAngle": 0
      },
      "Id": "d83926d6-8a08-4cc0-ae48-3d7c7f3d9eaf",
      "Page": 1
    },
    {
      "BlockType": "WORD",
      "Confidence": 45.615234375,
      "Text": "dept",
      "TextType": "HANDWRITING",
      "Geometry": {
        "BoundingBox": {
          "Width": 0.0922999233007431,
          "Height": 0.02824549190700054,
          "Left": 0.4317302107810974,
          "Top": 0.6270948648452759
        },
        "Polygon": [
          {
            "X": 0.4317302107810974,
            "Y": 0.6275635361671448
          },
          {
            "X": 0.5239915251731873,
            "Y": 0.6270948648452759
          },
          {
            "X": 0.5240301489830017,
            "Y": 0.6548806428909302
          },
          {
            "X": 0.4317655861377716,
            "Y": 0.6553403735160828
          }
        ],
        "RotationAngle": 0
      },
      "Id": "8fb1e364-0a9f-4283-8dfb-aaafdb4252ff",
      "Page": 1
    },
    {
      "BlockType": "WORD",
      "Confidence": 29.72855567932129,
      "Text": "SFS'R-R'M-MP-",
      "TextType": "HANDWRITING",
      "Geometry": {
        "BoundingBox": {
          "Width": 0.2623347342014313,
          "Height": 0.0388159416615963,
          "Left": 0.5487527251243591,
          "Top": 0.6250969767570496
        },
        "Polygon": [
          {
            "X": 0.5487527251243591,
            "Y": 0.6264296770095825
          },
          {
            "X": 0.8110215067863464,
            "Y": 0.6250969767570496
          },
          {
            "X": 0.8110874891281128,
            "Y": 0.6626144051551819
          },
          {
            "X": 0.5488060712814331,
            "Y": 0.6639128923416138
          }
        ],
        "RotationAngle": 0
      },
      "Id": "773c56d0-af5d-4c0d-afe3-71861dde8571",
      "Page": 1
    },
    {
      "BlockType": "WORD",
      "Confidence": 94.40369415283203,
      "Text": "+",
      "TextType": "HANDWRITING",
      "Geometry": {
        "BoundingBox": {
          "Width": 0.03284987434744835,
          "Height": 0.024630039930343628,
          "Left": 0.36556488275527954,
          "Top": 0.5986911654472351
        },
        "Polygon": [
          {
            "X": 0.36556488275527954,
            "Y": 0.5988611578941345
          },
          {
            "X": 0.398384690284729,
            "Y": 0.5986911654472351
          },
          {
            "X": 0.3984147608280182,
            "Y": 0.6231539249420166
          },
          {
            "X": 0.36559396982192993,
            "Y": 0.6233211755752563
          }
        ],
        "RotationAngle": 0
      },
      "Id": "7c137708-d020-49c7-a018-f0d18033cb5b",
      "Page": 1
    },
    {
      "BlockType": "WORD",
      "Confidence": 47.40513229370117,
      "Text": "p-d",
      "TextType": "HANDWRITING",
      "Geometry": {
        "BoundingBox": {
          "Width": 0.06085057929158211,
          "Height": 0.031474098563194275,
          "Left": 0.46030139923095703,
          "Top": 0.5999130606651306
        },
        "Polygon": [
          {
            "X": 0.46030139923095703,
            "Y": 0.6002277135848999
          },
          {
            "X": 0.5211087465286255,
            "Y": 0.5999130606651306
          },
          {
            "X": 0.5211519598960876,
            "Y": 0.6310791373252869
          },
          {
            "X": 0.4603421986103058,
            "Y": 0.6313871741294861
          }
        ],
        "RotationAngle": 0
      },
      "Id": "84387f8d-9267-4b93-9b7a-80c5c5a15325",
      "Page": 1
    },
    {
      "BlockType": "WORD",
      "Confidence": 35.081512451171875,
      "Text": "/X",
      "TextType": "HANDWRITING",
      "Geometry": {
        "BoundingBox": {
          "Width": 0.04825729504227638,
          "Height": 0.025586068630218506,
          "Left": 0.029440583661198616,
          "Top": 0.667116641998291
        },
        "Polygon": [
          {
            "X": 0.029440583661198616,
            "Y": 0.6673553586006165
          },
          {
            "X": 0.07767709344625473,
            "Y": 0.667116641998291
          },
          {
            "X": 0.07769788056612015,
            "Y": 0.6924683451652527
          },
          {
            "X": 0.029459800571203232,
            "Y": 0.6927027106285095
          }
        ],
        "RotationAngle": 0
      },
      "Id": "99ac73cc-5f25-4459-8c0a-65819a04a1e9",
      "Page": 1
    },
    {
      "BlockType": "WORD",
      "Confidence": 15.906010627746582,
      "Text": "m pd pls",
      "TextType": "HANDWRITING",
      "Geometry": {
        "BoundingBox": {
          "Width": 0.1450457125902176,
          "Height": 0.044296517968177795,
          "Left": 0.10819205641746521,
          "Top": 0.6579663157463074
        },
        "Polygon": [
          {
            "X": 0.10819205641746521,
            "Y": 0.658687949180603
          },
          {
            "X": 0.2531922459602356,
            "Y": 0.6579663157463074
          },
          {
            "X": 0.2532377541065216,
            "Y": 0.7015632390975952
          },
          {
            "X": 0.10822948068380356,
            "Y": 0.7022628784179688
          }
        ],
        "RotationAngle": 0
      },
      "Id": "2e7e3eea-701a-487c-91c5-2318261d8f61",
      "Page": 1
    },
    {
      "BlockType": "WORD",
      "Confidence": 53.85463333129883,
      "Text": "S",
      "TextType": "HANDWRITING",
      "Geometry": {
        "BoundingBox": {
          "Width": 0.020434945821762085,
          "Height": 0.024894598871469498,
          "Left": 0.29212018847465515,
          "Top": 0.6685884594917297
        },
        "Polygon": [
          {
            "X": 0.29212018847465515,
            "Y": 0.6686892509460449
          },
          {
            "X": 0.3125273585319519,
            "Y": 0.6685884594917297
          },
          {
            "X": 0.31255513429641724,
            "Y": 0.693384051322937
          },
          {
            "X": 0.29214730858802795,
            "Y": 0.6934830546379089
          }
        ],
        "RotationAngle": 0
      },
      "Id": "d6079908-95f1-4954-a1bb-2e7f123f75e5",
      "Page": 1
    },
    {
      "BlockType": "WORD",
      "Confidence": 56.01921081542969,
      "Text": "-11",
      "TextType": "HANDWRITING",
      "Geometry": {
        "BoundingBox": {
          "Width": 0.04445614665746689,
          "Height": 0.02204178087413311,
          "Left": 0.3566262125968933,
          "Top": 0.6769705414772034
        },
        "Polygon": [
          {
            "X": 0.3566262125968933,
            "Y": 0.6771885752677917
          },
          {
            "X": 0.4010554254055023,
            "Y": 0.6769705414772034
          },
          {
            "X": 0.4010823369026184,
            "Y": 0.6987976431846619
          },
          {
            "X": 0.3566518723964691,
            "Y": 0.6990123391151428
          }
        ],
        "RotationAngle": 0
      },
      "Id": "98fa0027-d4a4-4201-874b-da98d1d01276",
      "Page": 1
    },
    {
      "BlockType": "WORD",
      "Confidence": 89.2663803100586,
      "Text": "P",
      "TextType": "HANDWRITING",
      "Geometry": {
        "BoundingBox": {
          "Width": 0.020583733916282654,
          "Height": 0.019416645169258118,
          "Left": 0.2641276717185974,
          "Top": 0.7062731981277466
        },
        "Polygon": [
          {
            "X": 0.2641276717185974,
            "Y": 0.706372082233429
          },
          {
            "X": 0.2846904397010803,
            "Y": 0.7062731981277466
          },
          {
            "X": 0.28471142053604126,
            "Y": 0.7255923748016357
          },
          {
            "X": 0.26414811611175537,
            "Y": 0.7256898880004883
          }
        ],
        "RotationAngle": 0
      },
      "Id": "370fd003-e770-423e-b305-b9fbd5b2754f",
      "Page": 1
    },
    {
      "BlockType": "WORD",
      "Confidence": 69.2918701171875,
      "Text": "sndp",
      "TextType": "HANDWRITING",
      "Geometry": {
        "BoundingBox": {
          "Width": 0.17648230493068695,
          "Height": 0.04025720804929733,
          "Left": 0.3442683815956116,
          "Top": 0.6953650116920471
        },
        "Polygon": [
          {
            "X": 0.3442683815956116,
            "Y": 0.6962192058563232
          },
          {
            "X": 0.5206960439682007,
            "Y": 0.6953650116920471
          },
          {
            "X": 0.5207507014274597,
            "Y": 0.7347922325134277
          },
          {
            "X": 0.3443141281604767,
            "Y": 0.735622227191925
          }
        ],
        "RotationAngle": 0
      },
      "Id": "fcac89f3-af42-4f6c-87d3-88f9a44213b3",
      "Page": 1
    },
    {
      "BlockType": "WORD",
      "Confidence": 20.331632614135742,
      "Text": "midi-154x",
      "TextType": "HANDWRITING",
      "Geometry": {
        "BoundingBox": {
          "Width": 0.19602210819721222,
          "Height": 0.04563605785369873,
          "Left": 0.5745766758918762,
          "Top": 0.6940751075744629
        },
        "Polygon": [
          {
            "X": 0.5745766758918762,
            "Y": 0.6950238943099976
          },
          {
            "X": 0.7705224752426147,
            "Y": 0.6940751075744629
          },
          {
            "X": 0.7705987691879272,
            "Y": 0.7387928366661072
          },
          {
            "X": 0.5746417045593262,
            "Y": 0.7397111654281616
          }
        ],
        "RotationAngle": 0
      },
      "Id": "bc34efed-0f5c-41e7-ae86-9530febf67f0",
      "Page": 1
    }
  ],
  "AnalyzeDocumentModelVersion": "1.0"
}